siren,status,pdfs_found,new_pdfs_copied,error
538356312,no_pdf,0,0,
810090530,no_pdf,0,0,
533733937,no_pdf,0,0,
804843894,no_pdf,0,0,
494576382,no_pdf,0,0,
442122396,no_pdf,0,0,
807444641,no_pdf,0,0,
814150207,no_pdf,0,0,
845180918,no_pdf,0,0,
894113851,no_pdf,0,0,
792364986,no_pdf,0,0,
807402763,no_pdf,0,0,
812396315,no_pdf,0,0,
508433885,no_pdf,0,0,
525250452,no_pdf,0,0,
528825565,no_pdf,0,0,
847609831,no_pdf,0,0,
508240165,no_pdf,0,0,
449983972,no_pdf,0,0,
843138314,no_pdf,0,0,
481052744,no_pdf,0,0,
832077978,no_pdf,0,0,
825267370,no_pdf,0,0,
781621149,no_pdf,0,0,
793792631,no_pdf,0,0,
794570556,no_pdf,0,0,
788883452,no_pdf,0,0,
779221985,ok,3,3,
834782989,no_pdf,0,0,
432824936,no_pdf,0,0,
440545010,no_pdf,0,0,
517868345,no_pdf,0,0,
832423123,no_pdf,0,0,
792400475,no_pdf,0,0,
841140742,no_pdf,0,0,
777752023,ok,1,1,
794848499,no_pdf,0,0,
482267523,no_pdf,0,0,
523677409,no_pdf,0,0,
779559657,no_pdf,0,0,
813151172,ok,1,1,
391127388,no_pdf,0,0,
327852687,no_pdf,0,0,
411241631,no_pdf,0,0,
331349837,no_pdf,0,0,
339763781,ok,4,4,
813374014,no_pdf,0,0,
881402556,no_pdf,0,0,
881881254,no_pdf,0,0,
899621569,no_pdf,0,0,
325079952,no_pdf,0,0,
352007173,no_pdf,0,0,
850263708,no_pdf,0,0,
885008433,no_pdf,0,0,
319346508,no_pdf,0,0,
477661714,no_pdf,0,0,
509934287,no_pdf,0,0,
889640025,no_pdf,0,0,
911191575,no_pdf,0,0,
820402550,no_pdf,0,0,
781124763,no_pdf,0,0,
833126782,no_pdf,0,0,
407684489,no_pdf,0,0,
441334471,no_pdf,0,0,
801308974,no_pdf,0,0,
381118025,no_pdf,0,0,
388722985,ok,2,2,
843455783,no_pdf,0,0,
492562533,no_pdf,0,0,
529526642,no_pdf,0,0,
908255821,no_pdf,0,0,
807862446,ok,3,3,
833014319,no_pdf,0,0,
379093057,ok,5,5,
502654007,ok,2,2,
483054870,no_pdf,0,0,
822893525,no_pdf,0,0,
879564888,no_pdf,0,0,
390226207,no_pdf,0,0,
783896228,no_pdf,0,0,
512807165,no_pdf,0,0,
840484422,no_pdf,0,0,
837530021,no_pdf,0,0,
441731338,no_pdf,0,0,
877910844,no_pdf,0,0,
438693152,no_pdf,0,0,
789054913,no_pdf,0,0,
821771771,no_pdf,0,0,
421462417,no_pdf,0,0,
334769098,no_pdf,0,0,
822108932,no_pdf,0,0,
312467285,no_pdf,0,0,
531235968,no_pdf,0,0,
540042991,no_pdf,0,0,
777574179,ok,8,8,
300166410,no_pdf,0,0,
301166013,no_pdf,0,0,
443673876,ok,5,5,
504817503,ok,8,8,
442385217,no_pdf,0,0,
330275884,ok,11,11,
381938133,no_pdf,0,0,
411263973,no_pdf,0,0,
795234731,no_pdf,0,0,
808750764,no_pdf,0,0,
813817616,no_pdf,0,0,
408338135,no_pdf,0,0,
809749724,no_pdf,0,0,
402474183,no_pdf,0,0,
415002054,no_pdf,0,0,
414261875,no_pdf,0,0,
392334124,no_pdf,0,0,
392686077,no_pdf,0,0,
479562902,no_pdf,0,0,
519702138,ok,1,1,
802536763,no_pdf,0,0,
775530769,no_pdf,0,0,
829112325,no_pdf,0,0,
849778303,no_pdf,0,0,
849111257,no_pdf,0,0,
818120453,no_pdf,0,0,
431294669,no_pdf,0,0,
514591684,no_pdf,0,0,
514592179,no_pdf,0,0,
889489845,no_pdf,0,0,
512852831,no_pdf,0,0,
793836875,no_pdf,0,0,
879249068,no_pdf,0,0,
901317362,no_pdf,0,0,
534753835,no_pdf,0,0,
802855676,no_pdf,0,0,
317050383,no_pdf,0,0,
340317908,no_pdf,0,0,
341862597,no_pdf,0,0,
483042081,no_pdf,0,0,
803403179,no_pdf,0,0,
852713940,no_pdf,0,0,
478075260,no_pdf,0,0,
798002218,no_pdf,0,0,
512472077,no_pdf,0,0,
390274595,no_pdf,0,0,
511425829,no_pdf,0,0,
492222633,no_pdf,0,0,
811531755,ok,1,1,
403314222,no_pdf,0,0,
528215338,no_pdf,0,0,
328358080,no_pdf,0,0,
890087463,no_pdf,0,0,
780299202,no_pdf,0,0,
780808457,no_pdf,0,0,
313524753,ok,15,15,
838657237,no_pdf,0,0,
884924507,no_pdf,0,0,
811193309,no_pdf,0,0,
807836598,no_pdf,0,0,
900774449,no_pdf,0,0,
439689787,no_pdf,0,0,
779856806,no_pdf,0,0,
499045227,no_pdf,0,0,
910474568,no_pdf,0,0,
511324709,no_pdf,0,0,
837527571,no_pdf,0,0,
891576589,no_pdf,0,0,
894122449,no_pdf,0,0,
899326193,no_pdf,0,0,
808714356,no_pdf,0,0,
491871653,no_pdf,0,0,
848570891,no_pdf,0,0,
450289392,ok,3,3,
533393005,no_pdf,0,0,
829961424,ok,2,2,
343972600,no_pdf,0,0,
398708347,no_pdf,0,0,
440571263,no_pdf,0,0,
797976230,no_pdf,0,0,
449701333,no_pdf,0,0,
530488147,no_pdf,0,0,
794115790,no_pdf,0,0,
812578086,no_pdf,0,0,
753426204,no_pdf,0,0,
309599645,no_pdf,0,0,
339356917,no_pdf,0,0,
531850949,ok,7,7,
504771262,no_pdf,0,0,
922747423,no_pdf,0,0,
400468781,no_pdf,0,0,
800658742,no_pdf,0,0,
889642377,no_pdf,0,0,
827551730,no_pdf,0,0,
849733613,no_pdf,0,0,
903098705,no_pdf,0,0,
421465600,no_pdf,0,0,
893716217,no_pdf,0,0,
332440528,no_pdf,0,0,
392782918,no_pdf,0,0,
521041244,no_pdf,0,0,
850217506,no_pdf,0,0,
399697184,ok,3,3,
777275520,ok,8,8,
810885954,no_pdf,0,0,
850077975,no_pdf,0,0,
803024553,no_pdf,0,0,
449738491,no_pdf,0,0,
812939171,no_pdf,0,0,
839402971,no_pdf,0,0,
333684801,ok,5,5,
507867992,no_pdf,0,0,
752998302,no_pdf,0,0,
888491891,no_pdf,0,0,
429778640,ok,4,4,
521783373,no_pdf,0,0,
827553462,no_pdf,0,0,
807681044,ok,1,1,
818064834,no_pdf,0,0,
352539860,no_pdf,0,0,
397846668,no_pdf,0,0,
413755760,ok,1,1,
797426368,no_pdf,0,0,
831014444,no_pdf,0,0,
888747508,no_pdf,0,0,
388097289,no_pdf,0,0,
423812080,no_pdf,0,0,
879937829,no_pdf,0,0,
512842196,no_pdf,0,0,
528922347,no_pdf,0,0,
882606742,no_pdf,0,0,
791346612,no_pdf,0,0,
520339375,no_pdf,0,0,
537387318,no_pdf,0,0,
810505180,ok,5,5,
841653728,no_pdf,0,0,
399229483,no_pdf,0,0,
442844932,no_pdf,0,0,
448722421,no_pdf,0,0,
499684025,no_pdf,0,0,
834725020,no_pdf,0,0,
848325742,no_pdf,0,0,
917703514,no_pdf,0,0,
522580133,no_pdf,0,0,
521188854,no_pdf,0,0,
339524787,no_pdf,0,0,
822172656,no_pdf,0,0,
438863268,no_pdf,0,0,
320302482,no_pdf,0,0,
519852552,no_pdf,0,0,
398581124,ok,15,15,
409343886,no_pdf,0,0,
903672145,no_pdf,0,0,
330374539,no_pdf,0,0,
799000013,no_pdf,0,0,
882386063,no_pdf,0,0,
883545980,no_pdf,0,0,
811451277,no_pdf,0,0,
352256382,no_pdf,0,0,
885385823,no_pdf,0,0,
879788917,no_pdf,0,0,
801434861,no_pdf,0,0,
802056168,no_pdf,0,0,
880858188,no_pdf,0,0,
500921168,no_pdf,0,0,
530708072,no_pdf,0,0,
491891792,no_pdf,0,0,
316291160,no_pdf,0,0,
341931004,ok,3,3,
778794602,no_pdf,0,0,
379316128,no_pdf,0,0,
503898256,no_pdf,0,0,
529137242,no_pdf,0,0,
889560074,no_pdf,0,0,
352687057,no_pdf,0,0,
422530808,no_pdf,0,0,
451393797,no_pdf,0,0,
508169935,no_pdf,0,0,
842109852,no_pdf,0,0,
894780501,no_pdf,0,0,
391785599,no_pdf,0,0,
484543194,ok,1,1,
520302597,no_pdf,0,0,
803749894,no_pdf,0,0,
494629181,no_pdf,0,0,
783806300,no_pdf,0,0,
802947580,no_pdf,0,0,
827551128,no_pdf,0,0,
839027992,no_pdf,0,0,
398320143,no_pdf,0,0,
891160061,no_pdf,0,0,
511554545,no_pdf,0,0,
894997717,no_pdf,0,0,
479647547,no_pdf,0,0,
776115321,ok,4,4,
782937783,no_pdf,0,0,
339502361,no_pdf,0,0,
380105262,no_pdf,0,0,
811081702,no_pdf,0,0,
786429266,no_pdf,0,0,
315948729,no_pdf,0,0,
531116283,no_pdf,0,0,
803143023,no_pdf,0,0,
822111662,no_pdf,0,0,
887789154,no_pdf,0,0,
335036281,ok,1,1,
503068769,no_pdf,0,0,
807387980,no_pdf,0,0,
334667540,no_pdf,0,0,
918501784,no_pdf,0,0,
904748803,no_pdf,0,0,
384489621,no_pdf,0,0,
824842496,no_pdf,0,0,
923591218,no_pdf,0,0,
311471841,ok,14,14,
888408317,no_pdf,0,0,
392775094,no_pdf,0,0,
530023340,no_pdf,0,0,
879311231,no_pdf,0,0,
908885973,no_pdf,0,0,
493721344,no_pdf,0,0,
414678664,no_pdf,0,0,
902275338,no_pdf,0,0,
424258168,no_pdf,0,0,
812959195,no_pdf,0,0,
841693203,no_pdf,0,0,
342318193,no_pdf,0,0,
389748922,no_pdf,0,0,
314694977,no_pdf,0,0,
378591366,no_pdf,0,0,
441722261,no_pdf,0,0,
448319301,no_pdf,0,0,
792693988,no_pdf,0,0,
879748739,no_pdf,0,0,
438783698,ok,11,11,
900568668,no_pdf,0,0,
432970622,ok,4,4,
403014012,ok,1,1,
844153817,no_pdf,0,0,
491576906,no_pdf,0,0,
378985030,ok,16,16,
390435493,no_pdf,0,0,
822701785,no_pdf,0,0,
921761490,no_pdf,0,0,
518224951,no_pdf,0,0,
531632354,no_pdf,0,0,
779972876,no_pdf,0,0,
511539314,no_pdf,0,0,
505221721,no_pdf,0,0,
535308498,no_pdf,0,0,
308529288,no_pdf,0,0,
443102231,no_pdf,0,0,
830050498,no_pdf,0,0,
903773489,no_pdf,0,0,
330648619,no_pdf,0,0,
397619057,no_pdf,0,0,
422123596,no_pdf,0,0,
793856998,no_pdf,0,0,
823306584,no_pdf,0,0,
833679269,no_pdf,0,0,
539301507,no_pdf,0,0,
786463034,no_pdf,0,0,
950382796,ok,5,5,
432917029,no_pdf,0,0,
791746423,no_pdf,0,0,
798336665,no_pdf,0,0,
394895569,no_pdf,0,0,
789942786,no_pdf,0,0,
834294894,no_pdf,0,0,
879134203,no_pdf,0,0,
501267827,no_pdf,0,0,
818470080,no_pdf,0,0,
822349809,no_pdf,0,0,
339824450,no_pdf,0,0,
432504330,no_pdf,0,0,
883982720,no_pdf,0,0,
402685069,no_pdf,0,0,
812401701,no_pdf,0,0,
779639202,ok,4,4,
813496072,no_pdf,0,0,
490108925,ok,18,18,
507658151,no_pdf,0,0,
531945566,ok,6,6,
802297796,no_pdf,0,0,
900481300,no_pdf,0,0,
752692657,no_pdf,0,0,
383465465,no_pdf,0,0,
783937907,no_pdf,0,0,
804088631,no_pdf,0,0,
394533541,no_pdf,0,0,
538236530,no_pdf,0,0,
892069782,no_pdf,0,0,
348658030,no_pdf,0,0,
423027598,no_pdf,0,0,
829064773,no_pdf,0,0,
414052753,no_pdf,0,0,
418376760,no_pdf,0,0,
443424957,no_pdf,0,0,
800901761,no_pdf,0,0,
442505533,no_pdf,0,0,
326712841,no_pdf,0,0,
829822162,no_pdf,0,0,
498853639,no_pdf,0,0,
505064717,no_pdf,0,0,
417893351,no_pdf,0,0,
751207564,no_pdf,0,0,
784579807,no_pdf,0,0,
401344247,no_pdf,0,0,
534998844,no_pdf,0,0,
433521960,no_pdf,0,0,
485387781,no_pdf,0,0,
802794362,no_pdf,0,0,
532449626,no_pdf,0,0,
853445997,no_pdf,0,0,
903446821,no_pdf,0,0,
409768942,no_pdf,0,0,
414309732,no_pdf,0,0,
791079858,ok,4,4,
904320777,no_pdf,0,0,
378368468,no_pdf,0,0,
424040863,no_pdf,0,0,
325559870,no_pdf,0,0,
414247965,no_pdf,0,0,
423659390,no_pdf,0,0,
905189114,no_pdf,0,0,
383227170,no_pdf,0,0,
531140226,no_pdf,0,0,
808279947,no_pdf,0,0,
379981913,ok,13,13,
513263855,no_pdf,0,0,
808210645,no_pdf,0,0,
776951436,ok,4,4,
802925396,no_pdf,0,0,
902494665,no_pdf,0,0,
390550408,ok,3,3,
822492104,no_pdf,0,0,
778176792,ok,9,9,
751471905,no_pdf,0,0,
842990061,no_pdf,0,0,
323684365,no_pdf,0,0,
403384100,ok,4,4,
405049420,ok,4,4,
811798065,no_pdf,0,0,
431700103,no_pdf,0,0,
450709720,no_pdf,0,0,
844691048,no_pdf,0,0,
750409492,no_pdf,0,0,
820372936,no_pdf,0,0,
832389258,no_pdf,0,0,
878310689,no_pdf,0,0,
878682913,no_pdf,0,0,
393563119,no_pdf,0,0,
909284739,no_pdf,0,0,
334955523,no_pdf,0,0,
379077175,no_pdf,0,0,
422979005,ok,6,6,
523739332,no_pdf,0,0,
888034576,no_pdf,0,0,
392336335,ok,3,3,
424979060,ok,1,1,
453359960,no_pdf,0,0,
328140751,no_pdf,0,0,
892151192,no_pdf,0,0,
508355245,no_pdf,0,0,
838333151,no_pdf,0,0,
325001105,no_pdf,0,0,
421723800,no_pdf,0,0,
775624737,ok,5,5,
809824089,no_pdf,0,0,
799774328,no_pdf,0,0,
329416473,ok,8,8,
914887567,no_pdf,0,0,
328180096,ok,1,1,
803778869,no_pdf,0,0,
421007568,ok,1,1,
782151732,no_pdf,0,0,
789401205,no_pdf,0,0,
411147176,no_pdf,0,0,
488794868,no_pdf,0,0,
775611767,no_pdf,0,0,
924922776,no_pdf,0,0,
812686491,no_pdf,0,0,
311247977,ok,5,5,
380223685,no_pdf,0,0,
394343636,no_pdf,0,0,
528988009,no_pdf,0,0,
524724606,no_pdf,0,0,
480992908,no_pdf,0,0,
490533262,ok,3,3,
488843376,no_pdf,0,0,
775695844,no_pdf,0,0,
379986417,no_pdf,0,0,
392694014,ok,3,3,
503914327,no_pdf,0,0,
798572236,no_pdf,0,0,
804006609,ok,5,5,
923758247,no_pdf,0,0,
893819367,no_pdf,0,0,
902675560,no_pdf,0,0,
522206408,no_pdf,0,0,
405167438,no_pdf,0,0,
434919098,no_pdf,0,0,
839268547,no_pdf,0,0,
438544207,no_pdf,0,0,
804532117,no_pdf,0,0,
429104888,no_pdf,0,0,
443178223,no_pdf,0,0,
329571236,no_pdf,0,0,
802490888,no_pdf,0,0,
327167508,ok,4,4,
752766808,no_pdf,0,0,
902459346,no_pdf,0,0,
922088851,no_pdf,0,0,
837659309,no_pdf,0,0,
843061649,no_pdf,0,0,
849443270,no_pdf,0,0,
849087333,no_pdf,0,0,
531947331,no_pdf,0,0,
445104565,no_pdf,0,0,
502623283,no_pdf,0,0,
750098584,no_pdf,0,0,
802323915,no_pdf,0,0,
881233845,no_pdf,0,0,
814826400,no_pdf,0,0,
412259087,no_pdf,0,0,
798848586,no_pdf,0,0,
311594089,no_pdf,0,0,
751081613,no_pdf,0,0,
814179412,no_pdf,0,0,
824652929,no_pdf,0,0,
433318607,no_pdf,0,0,
824185052,no_pdf,0,0,
437907280,no_pdf,0,0,
538077330,no_pdf,0,0,
814641247,no_pdf,0,0,
921595831,no_pdf,0,0,
877702290,no_pdf,0,0,
830792685,no_pdf,0,0,
502118870,no_pdf,0,0,
412859670,ok,2,2,
519850283,no_pdf,0,0,
914173158,no_pdf,0,0,
834760464,no_pdf,0,0,
851796607,no_pdf,0,0,
317556819,ok,4,4,
512635301,no_pdf,0,0,
528790751,no_pdf,0,0,
402517049,ok,2,2,
483934782,no_pdf,0,0,
842796641,no_pdf,0,0,
842796716,no_pdf,0,0,
344952817,no_pdf,0,0,
538479130,no_pdf,0,0,
811697630,ok,2,2,
334536414,no_pdf,0,0,
408220721,no_pdf,0,0,
801210311,no_pdf,0,0,
815311378,no_pdf,0,0,
884682246,ok,1,1,
409161486,no_pdf,0,0,
435051321,no_pdf,0,0,
789278967,no_pdf,0,0,
842819823,no_pdf,0,0,
907925572,no_pdf,0,0,
394915177,ok,2,2,
439089319,no_pdf,0,0,
813199502,no_pdf,0,0,
831619440,no_pdf,0,0,
924405897,no_pdf,0,0,
421576422,no_pdf,0,0,
888990694,no_pdf,0,0,
922864509,no_pdf,0,0,
438253296,no_pdf,0,0,
820686376,no_pdf,0,0,
841845977,no_pdf,0,0,
414603480,no_pdf,0,0,
802555094,no_pdf,0,0,
822824306,no_pdf,0,0,
839332368,no_pdf,0,0,
384442000,no_pdf,0,0,
324045038,no_pdf,0,0,
409031184,ok,2,2,
479851461,no_pdf,0,0,
798325296,no_pdf,0,0,
345093249,ok,1,1,
431886423,no_pdf,0,0,
393446612,no_pdf,0,0,
399845114,ok,6,6,
413750522,no_pdf,0,0,
800979601,no_pdf,0,0,
814469953,no_pdf,0,0,
900939992,no_pdf,0,0,
391157765,no_pdf,0,0,
884417064,no_pdf,0,0,
923593677,no_pdf,0,0,
433298387,ok,8,8,
912727039,no_pdf,0,0,
489860429,no_pdf,0,0,
502244288,no_pdf,0,0,
344966452,no_pdf,0,0,
810543751,no_pdf,0,0,
850872995,no_pdf,0,0,
912011509,no_pdf,0,0,
306129107,no_pdf,0,0,
838398543,no_pdf,0,0,
838883130,no_pdf,0,0,
391192077,no_pdf,0,0,
323299883,ok,5,5,
510064744,no_pdf,0,0,
834982126,no_pdf,0,0,
852505320,no_pdf,0,0,
380305391,ok,1,1,
785947979,no_pdf,0,0,
331916239,no_pdf,0,0,
349020313,no_pdf,0,0,
805099033,no_pdf,0,0,
884970435,no_pdf,0,0,
902932284,no_pdf,0,0,
508842713,no_pdf,0,0,
882932403,no_pdf,0,0,
790023469,no_pdf,0,0,
813603958,no_pdf,0,0,
912720588,no_pdf,0,0,
408761005,no_pdf,0,0,
888733912,no_pdf,0,0,
888779113,no_pdf,0,0,
451401954,no_pdf,0,0,
814079166,no_pdf,0,0,
391040672,ok,4,4,
487842098,no_pdf,0,0,
901640920,no_pdf,0,0,
913022034,no_pdf,0,0,
923606834,no_pdf,0,0,
507925543,no_pdf,0,0,
538650698,no_pdf,0,0,
390223840,no_pdf,0,0,
482904299,no_pdf,0,0,
890285505,no_pdf,0,0,
305240681,no_pdf,0,0,
877894907,no_pdf,0,0,
884639402,no_pdf,0,0,
775662885,no_pdf,0,0,
439482340,no_pdf,0,0,
923384325,no_pdf,0,0,
431414895,no_pdf,0,0,
429830409,no_pdf,0,0,
434411989,no_pdf,0,0,
535208052,no_pdf,0,0,
303697940,no_pdf,0,0,
488916818,no_pdf,0,0,
518911623,no_pdf,0,0,
838188217,no_pdf,0,0,
501264816,no_pdf,0,0,
782181002,no_pdf,0,0,
323305805,no_pdf,0,0,
505179218,no_pdf,0,0,
484554530,no_pdf,0,0,
440077071,no_pdf,0,0,
522678507,no_pdf,0,0,
352914071,no_pdf,0,0,
481657195,no_pdf,0,0,
530879683,no_pdf,0,0,
829452200,no_pdf,0,0,
789377900,no_pdf,0,0,
814595633,no_pdf,0,0,
817797624,no_pdf,0,0,
822369773,no_pdf,0,0,
828838540,no_pdf,0,0,
890148794,no_pdf,0,0,
421027848,no_pdf,0,0,
478692080,no_pdf,0,0,
332865906,no_pdf,0,0,
528382989,no_pdf,0,0,
812973956,no_pdf,0,0,
904517976,no_pdf,0,0,
904518222,no_pdf,0,0,
511470452,no_pdf,0,0,
332802313,no_pdf,0,0,
782615918,no_pdf,0,0,
483454591,no_pdf,0,0,
300882024,no_pdf,0,0,
431696590,no_pdf,0,0,
877765636,no_pdf,0,0,
334959012,no_pdf,0,0,
820507549,no_pdf,0,0,
804939049,no_pdf,0,0,
890959612,no_pdf,0,0,
390100923,no_pdf,0,0,
517991154,no_pdf,0,0,
304154800,ok,6,6,
895235430,no_pdf,0,0,
853313419,no_pdf,0,0,
911949501,no_pdf,0,0,
522661651,no_pdf,0,0,
899872238,no_pdf,0,0,
315213413,no_pdf,0,0,
879088235,no_pdf,0,0,
838660603,no_pdf,0,0,
891296329,no_pdf,0,0,
891631392,no_pdf,0,0,
904862299,no_pdf,0,0,
905238648,no_pdf,0,0,
390912335,no_pdf,0,0,
888428968,no_pdf,0,0,
343249561,no_pdf,0,0,
379624323,no_pdf,0,0,
923262802,no_pdf,0,0,
890967425,no_pdf,0,0,
881483390,no_pdf,0,0,
354049645,no_pdf,0,0,
417883832,no_pdf,0,0,
828226704,no_pdf,0,0,
851444158,no_pdf,0,0,
890180334,no_pdf,0,0,
448274365,no_pdf,0,0,
775558893,no_pdf,0,0,
841312754,no_pdf,0,0,
844619973,no_pdf,0,0,
885190819,no_pdf,0,0,
387649304,no_pdf,0,0,
838937845,no_pdf,0,0,
844088252,no_pdf,0,0,
387636541,no_pdf,0,0,
489519041,no_pdf,0,0,
833129273,no_pdf,0,0,
794648287,no_pdf,0,0,
851623926,no_pdf,0,0,
891631376,no_pdf,0,0,
891869927,no_pdf,0,0,
538265638,no_pdf,0,0,
498414838,no_pdf,0,0,
888429040,no_pdf,0,0,
808964647,no_pdf,0,0,
851543785,no_pdf,0,0,
423974518,no_pdf,0,0,
877978437,no_pdf,0,0,
921967360,no_pdf,0,0,
400486486,no_pdf,0,0,
350544763,no_pdf,0,0,
483163689,no_pdf,0,0,
512979360,no_pdf,0,0,
332854991,no_pdf,0,0,
448813352,no_pdf,0,0,
432308161,no_pdf,0,0,
923217640,no_pdf,0,0,
884451535,no_pdf,0,0,
849329057,no_pdf,0,0,
852522150,no_pdf,0,0,
512443540,no_pdf,0,0,
877721415,no_pdf,0,0,
883647414,no_pdf,0,0,
410393482,no_pdf,0,0,
520791039,no_pdf,0,0,
400125670,no_pdf,0,0,
800183808,no_pdf,0,0,
808814669,no_pdf,0,0,
900604810,no_pdf,0,0,
312397177,no_pdf,0,0,
830291969,no_pdf,0,0,
489292326,no_pdf,0,0,
814145108,no_pdf,0,0,
889196507,no_pdf,0,0,
800481145,no_pdf,0,0,
384651105,no_pdf,0,0,
804230696,no_pdf,0,0,
822018511,no_pdf,0,0,
923875405,no_pdf,0,0,
803492693,no_pdf,0,0,
751751900,no_pdf,0,0,
331552034,no_pdf,0,0,
919775411,no_pdf,0,0,
831742168,no_pdf,0,0,
909107310,no_pdf,0,0,
848526695,no_pdf,0,0,
878548171,no_pdf,0,0,
533681540,no_pdf,0,0,
477728901,no_pdf,0,0,
488611369,no_pdf,0,0,
412578627,no_pdf,0,0,
830139366,no_pdf,0,0,
825335037,no_pdf,0,0,
800364150,no_pdf,0,0,
811634427,no_pdf,0,0,
839375136,no_pdf,0,0,
891074619,no_pdf,0,0,
805305851,no_pdf,0,0,
843490129,no_pdf,0,0,
905118550,no_pdf,0,0,
300110392,no_pdf,0,0,
521945394,no_pdf,0,0,
853963502,no_pdf,0,0,
319606331,no_pdf,0,0,
890759152,no_pdf,0,0,
924289200,no_pdf,0,0,
312629710,no_pdf,0,0,
832068654,no_pdf,0,0,
909163941,no_pdf,0,0,
918068875,no_pdf,0,0,
923178503,no_pdf,0,0,
923186787,no_pdf,0,0,
819596123,no_pdf,0,0,
832572689,no_pdf,0,0,
893641902,no_pdf,0,0,
412243784,no_pdf,0,0,
332618131,no_pdf,0,0,
879360014,no_pdf,0,0,
501971568,no_pdf,0,0,
