fichier,siren,cloture,nom,ville,total_produits,resultat_exploitation,resultat_net,fonds_propres,tresorerie,total_bilan,subv_pct,cac_certifie,statut,score,niveau,pts_rent,pts_soli,pts_liqu,pts_auto,pts_gouv,error
304154800_31122010.pdf,,2010-12-31,ASSOC.MONESTIER LES MYRIAMS,VERSAILLES,3416277,-17688,-96684,3521854,422200,6707555,80,true,deficit,49,C,14.7,16.4,4.9,3.0,10,
304154800_31122014.pdf,382729044,2014-12-31,ASSOCIATION MONESTIER LES MYRIAMS,VERSAILLES,4439178,-650460,-255276,1909341,128851,11453109,12,true,deficit,37,D,7.7,5.2,1.2,13.2,10,
304154800_31122015.pdf,304154800,2015-12-31,ASSOCIATION MONESTIER,VERSAILLES,13217539,-33400,255276,9699825,6786675,11453109,4,true,ambigu,84,A,14.9,25,20,14.4,10,
304154800_31122016.pdf,,2016-12-31,Association Monestier,Versailles,4188239,-228294,-415390,1849291,30282,9187460,1,true,deficit,44,C,12.3,6.3,0.3,14.9,10,
304154800_31122017.pdf,,2017-12-31,ASSOCIATION MONESTIER,,4103177,-125211,-517824,1780279,156046,9072901,0,false,deficit,36,D,13.5,6.1,1.5,15.0,0,
304154800_31122018.pdf,,2018-12-31,ASSOCIATION MONESTIER,VERSAILLES,4533085,-119357,187383,1856064,168821,8638313,0,true,ambigu,47,C,13.7,6.7,1.5,15.0,10,
311247977_31122019.pdf,,2019-12-31,HALTE GARDERIE DU GRAND PAVOIS,PARIS,216971,-12217,-4965,85934,69286,107712,36,false,deficit,60,B,12.2,24.9,12.8,9.6,0,
311247977_31122020.pdf,,2020-12-31,Association HALTE GARDERIE DU GRAND PAVOIS,PARIS,185822,-51762,-15238,70697,97390,104438,26,false,deficit,53,C,1.1,21.2,20,11.1,0,
311247977_31122020_rectif1.pdf,,2020-12-31,Association HALTE GARDERERIE DU GRAND PAVOIS,PARIS,185822,-51762,-15238,70697,88990,104438,26,true,deficit,63,B,1.1,21.2,19.2,11.1,10,
311247977_31122021.pdf,,2021-12-31,ASSOCIATION HALTE GARDERERIE DU GRAND PAVOIS,PARIS,166419,-48453,-46887,23809,37874,46647,33,true,deficit,46,C,0.4,16.0,9.1,10.1,10,
311247977_31122022.pdf,,2022-12-31,Association HALTE GARDERERIE DU GRAND PAVOIS,PARIS,218467,-10690,1191,25000,8188,49795,30,true,ambigu,50,C,12.6,15.7,1.5,10.5,10,
311471841_31122009.pdf,,2009-12-31,RENCONTRES INITIATIVES VAUVERDOISES (R.I.V.E.S),VAUVÉRT,1498827,-4888,-4888,119530,85822,234348,73,true,deficit,47,C,14.8,15.9,2.3,4.1,10,
311471841_31122010.pdf,,2010-12-31,R.I.V.E.S - Rencontres Initiatives Vauverdoises Espace Social,Vauvert,1324239,17176,11746,11090,44624,161425,56,false,excedent,26,D,15.6,2.1,1.3,6.6,0,
311471841_31122011.pdf,,2011-12-31,R.I.V.E.S RENCONTRES INITIATIVES VAUVERDOISES ESPACE SOCIAL,VAUVERT,629198,0,40340,119530,109485,172165,76,true,excedent,57,C,15.0,21.7,7.0,3.6,10,
311471841_31122012.pdf,,2012-12-31,R.I.V.E.S RENCONTRES INITIATIVES VAUVERDOISES ESPACE SOCIAL,VAUVERT,623236,16882,39501,81958,121890,173552,77,true,excedent,53,C,16.4,14.8,7.8,3.5,10,
311471841_31122013.pdf,,2013-12-31,R.I.V.E.S RENCONTRES INITIATIVES VAUVERDOISES ESPACE SOCIAL,VAUVERT,614477,13908,7394,80060,102094,176693,79,true,excedent,50,C,16.1,14.2,6.6,3.2,10,
311471841_31122014.pdf,,2014-12-31,R.I.V.E.S - Rencontres Initiatives Vauverdoises Espace Social,Vauvert,632361,14439,19413,95597,131210,198358,77,true,excedent,53,C,16.1,15.1,8.3,3.5,10,
311471841_31122015.pdf,,2015-12-31,R.I.V.E.S RENCONTRES INITIATIVES VAUVERDOISES ESPACE SOCIAL,VAUVERT,646869,16139,16994,76676,150314,201178,76,true,excedent,51,C,16.2,11.9,9.3,3.6,10,
311471841_31122016.pdf,,2016-12-31,R.I.V.E.S - RENCONTRES INITIATIVES VAUVERDOISES ESPACE SOCIAL,VAUVERT,611807,13066,12144,72565,174748,244438,79,true,excedent,50,C,16.1,9.3,11.4,3.2,10,
311471841_31122017.pdf,,2017-12-31,R.I.V.E.S ASSOCIATION,VAUVERT,596611,-25341,-18107,50340,146349,209277,80,false,,33,D,12.9,7.5,9.8,3.0,0,
311471841_31122018.pdf,,2018-12-31,Association R.I.V.E.S ASSOCIATION,VAUVERT,575840,5420,7776,60330,142261,216082,82,false,excedent,37,D,15.5,8.7,9.9,2.7,0,
311471841_31122019.pdf,,2019-12-31,R.I.V.E.S - Rencontres Initiatives Vauverdoises Espace Social,Vauvert,595513,90508,86868,27761,161596,275444,84,true,excedent,49,C,22.6,3.1,10.9,2.4,10,
311471841_31122020.pdf,,2020-12-31,Association R.I.V.E.S ASSOCIATION,VAUVERT,672207,99160,99764,73777,135262,298411,78,false,excedent,41,C,22.4,7.7,8.0,3.3,0,
311471841_31122021.pdf,,2021-12-31,ASSOC R.I.V.E.S ASSOCIATION,MONTPELLIER,627976,13240,16430,78918,110434,298789,79,false,excedent,35,D,16.1,8.3,7.0,3.2,0,
311471841_31122022.pdf,31147184100024,2022-12-31,R.I.V.E.S - Rencontres Initiatives Vauverdoises Espace Social,VAUVERT,604470,-5859,2311,81228,173285,299833,83,true,ambigu,47,C,14.5,8.5,11.5,2.6,10,
313524753_31122006.pdf,,2006-12-31,Coordination des Œuvres Sociales et Médicales (COSEM),PARIS,36672925,2132627,847352,-6934609,15094829,23911150,3,true,excedent,59,C,17.9,0,16.5,14.6,10,
313524753_31122007.pdf,,2007-12-31,Coordination des Œuvres Sociales et Médicales (C.O.S.E.M.),PARIS,47986667,9149885,12850741,9116138,2228785,18040844,2,true,excedent,67,B,24.5,15.8,1.9,14.7,10,
313524753_31122008.pdf,,2008-12-31,COORDINATION DES ŒUVRES SOCIALES ET MEDICALES (C.O.S.E.M.),PARIS,41132145,1894635,2183761,8092479,7357026,19932189,3,true,excedent,62,B,17.3,12.7,7.2,14.6,10,
313524753_31122009.pdf,,2009-12-31,COORDINATION DES ŒUVRES SOCIALES ET MEDICALES (C.O.S.E.M.),PARIS,41877339,1647399,1634788,9820690,6658166,21005019,3,true,excedent,63,B,17.0,14.6,6.4,14.6,10,
313524753_31122010.pdf,,2010-12-31,COORDINATION DES ŒUVRES SOCIALES ET MEDICALES (C.O.S.E.M.),PARIS,44222981,130867,-339638,9481051,9455963,22412147,3,true,ambigu,62,B,15.1,13.2,8.6,14.6,10,
313524753_31122011.pdf,,2011-12-31,COORDINATION DES ŒUVRES SOCIALES ET MEDICALES (COSEM),PARIS,42483692,967242,1284280,10543453,9541230,30020919,3,true,excedent,61,B,16.1,11.0,9.0,14.6,10,
313524753_31122012.pdf,,2012-12-31,COORDINATION DES ŒUVRES SOCIALES ET MEDICALES,PARIS,42907272,414433,414433,10874624,9976585,23763491,3,true,excedent,64,B,15.5,14.3,9.3,14.6,10,
313524753_31122013.pdf,,2013-12-31,COORDINATION DES ŒUVRES SOCIALES ET MEDICALES (C.O.S.E.M.),PARIS,42392315,-948010,-1842167,9112222,7220388,24800525,3,true,deficit,57,C,13.9,11.5,6.8,14.6,10,
313524753_31122014.pdf,,2014-12-31,COORDINATION DES ŒUVRES SOCIALES ET MEDICALES (C.O.S.E.M.),PARIS,43140679,-628247,65950,9172686,2856393,24471074,3,true,ambigu,53,C,14.3,11.7,2.6,14.6,10,
313524753_31122015.pdf,,2015-12-31,COORDINATION DES ŒUVRES SOCIALES ET MEDICALES (C.O.S.E.M.),PARIS,47351001,2118049,2563130,11725709,3592353,26247200,3,true,excedent,59,C,17.2,14.0,3.0,14.6,10,
313524753_31122016.pdf,,2016-12-31,COORDINATION DES ŒUVRES SOCIALES ET MEDICALES (C.O.S.E.M),PARIS,49991576,2662594,1899588,13615192,3806245,26344870,4,true,excedent,61,B,17.7,16.2,3.0,14.4,10,
313524753_31122017.pdf,,2017-12-31,COORDINATION DES ŒUVRES SOCIALES ET MEDICALES (C.O.S.E.M),PARIS,52704023,2761247,1646168,15192293,13969164,29015041,4,true,excedent,69,B,17.6,16.4,10.6,14.4,10,
313524753_31122018.pdf,,2018-12-31,COORDINATION DES ŒUVRES SOCIALES ET MEDICALES (C.O.S.E.M),PARIS,55764841,3367682,1966719,17207867,14513550,32630603,5,true,excedent,69,B,18.0,16.5,10.4,14.3,10,
313524753_31122019.pdf,,2019-12-31,Coordination des Œuvres Sociales et Médicales (COSEM),Paris,56314437,3173616,1536625,18695636,16468057,35419803,4,true,excedent,70,B,17.8,16.5,11.7,14.4,10,
313524753_31122020.pdf,,2020-12-31,COORDINATION DES ŒUVRES SOCIALES ET MEDICALES (C.O.S.E.M),PARIS,56742098,2494252,2326635,21050915,28452681,52346215,10,true,excedent,73,B,17.2,12.6,20,13.5,10,
317556819_31122007.pdf,,2007-12-31,PACT REUNION,Saint-Denis,2486604,-14238,-9453,1292276,8155811,42668099,12,true,deficit,59,C,14.7,0.9,20,13.2,10,
317556819_31122008.pdf,,2008-12-31,PACT REUNION,Sainte Clotilde Cedex,,,,,,,,false,,8,E,0,0,0,7.5,0,
317556819_31122019.pdf,,2019-12-31,SOLIHA RÉUNION,SAINTE-CLOTILDE,3515717,281740,420682,1036199,4658802,29507148,5,true,excedent,64,B,19.0,1.1,20,14.3,10,
317556819_31122020.pdf,,2020-12-31,SOLIHA RÉUNION,SAINTE-CLOTILDE,3548638,-1335170,20769,1015430,3894255,30005226,5,true,ambigu,45,C,0,1.1,20,14.3,10,
323299883_31122006.pdf,,2006-12-31,Association Faire,Paris,2667344,41883,268,664245,209849,1578632,0,true,excedent,57,C,15.8,13.1,3.1,15.0,10,
323299883_31122007.pdf,,2007-12-31,FAIRE - ASSOCIATION DE FORMATION ET AIDE A LA REINSERTION,Paris,2621879,-2834,-11597,651925,285378,1341472,34,true,deficit,54,C,14.9,15.2,4.4,9.9,10,
323299883_31122008.pdf,,2008-12-31,FAIRE-ASSOCIATION DE FORMATION ET AIDE A LA REINSERTION,PARIS,2748802,14936,-4373,697524,94665,1373863,1,true,ambigu,58,C,15.3,15.9,1.4,14.9,10,
323299883_31122009.pdf,,2009-12-31,ASSOCIATION FAIRE,PARIS,2618848,9903,-3377,584351,108434,1304165,0,false,ambigu,46,C,15.2,14.0,1.7,15.0,0,
323299883_31122010.pdf,,2010-12-31,FAIRE-ASSOCIATION DE FORMATION ET AIDE A LA REINSERTION,PARIS,2572092,91860,63984,486964,85107,1393076,2,true,excedent,54,C,16.8,10.9,1.3,14.7,10,
327167508_31122006.pdf,,2006-12-31,Institut Théophraste Renaudot,Sèvres,375590,-8421,-10082,-49080,11115,154010,37,true,deficit,35,D,13.9,0,1.2,9.5,10,
327167508_31122007.pdf,,2007-12-31,Institut Théophraste Renaudot,SÈVRES,447115,80909,22521,-26559,89851,183423,0,true,excedent,57,C,24.0,0,8.0,15.0,10,
327167508_31122008.pdf,,2008-12-31,Institut Theophraste Renaudot,SEVRES,440665,44704,68122,41663,49570,184929,37,true,excedent,51,C,20.1,7.0,4.5,9.5,10,
327167508_31122009.pdf,,2009-12-31,INSTITUT RENAUDOT,,388654,-93518,44704,184929,49775,126523,17,false,ambigu,46,C,3.0,25,5.1,12.5,0,
328180096_31122015.pdf,,2015-12-31,AEFTI EF 71,Macon,585249,-39869,-45767,93228,95185,296328,1,true,deficit,53,C,11.6,9.8,6.5,14.9,10,
329416473_31122006.pdf,,2006-12-31,Association GRAPESA,FREJUS,2793761,-106026,-81633,499544,58470,1749147,79,true,deficit,36,D,13.1,8.9,0.8,3.2,10,
329416473_31122007.pdf,,2007-12-31,GRAPESA,FREJUS,2759370,-232552,-221551,-221551,3266,1599756,82,true,deficit,24,D,10.8,0,0.0,2.7,10,
329416473_31122008.pdf,,2008-12-31,GRAPESA,FREJUS,3050893,72108,80965,306657,2612,1500165,80,true,excedent,36,D,16.2,6.4,0.0,3.0,10,
329416473_31122010.pdf,,2010-12-31,Association GRAPESA,FREJUS,3078265,8027,123423,1028790,12610,1592702,86,true,excedent,48,C,15.1,20.2,0.2,2.1,10,
329416473_31122011.pdf,,2011-12-31,GRAPESA,FREJUS,2047791,40968,67102,37648,12610,1501452,84,true,excedent,29,D,16.0,0.8,0.2,2.4,10,
329416473_31122012.pdf,,2012-12-31,Association GRAPESA,FREJUS,1472051,95965,4104,32311,13684,1060473,94,true,excedent,31,D,18.3,1.0,0.4,0.9,10,
329416473_31122013.pdf,,2013-12-31,Association GRAPESA,FREJUS,1734014,102492,-18932,4746,226,1089868,92,true,ambigu,29,D,18.0,0.1,0.0,1.2,10,
329416473_31122014.pdf,,2014-12-31,Association GRAPESA,FREJUS,1661738,-120022,200395,204283,6802,1035090,90,true,ambigu,29,D,11.4,6.2,0.2,1.5,10,
330275884_31122008.pdf,,2008-12-31,Du côté des femmes,Cergy,2309484,17572,17176,603254,17176,710160,43,true,excedent,59,C,15.4,25,0.3,8.5,10,
330275884_31122009.pdf,,2009-12-31,Du côté des femmes,Cergy,2318731,126527,25093,536340,405466,819948,40,true,excedent,64,B,17.7,20.4,7.0,9.0,10,
330275884_31122010.pdf,,2010-12-31,DU COTE DES FEMMES,CERGY,1341338,62119,62119,379144,379144,512494,76,true,excedent,65,B,17.3,23.1,11.3,3.6,10,
330275884_31122011.pdf,,2011-12-31,DU COTE DES FEMMES,CERGY,2197724,-30446,-5063,1285471,1152000,1324190,16,true,deficit,82,A,14.3,25,20,12.6,10,
330275884_31122012.pdf,33027588400022,2012-12-31,ASSOCIATION DU COTE DES FEMMES,CERGY SAINT CHRISTOPHE,2243775,-7885,-37934,519039,867157,1367591,90,false,deficit,44,C,14.8,11.9,15.5,1.5,0,
330275884_31122013.pdf,,2013-12-31,DU COTE DES FEMMES,CERGY SAINT CHRISTOPHE,2441537,182810,1680,627040,494613,1566137,96,true,excedent,50,C,18.7,12.5,8.1,0.6,10,
330275884_31122014.pdf,,2014-12-31,DU COTE DES FEMMES,CERGY SAINT CHRISTOPHE,2475789,-123106,-40232,822876,469751,2849340,93,true,deficit,40,C,12.5,9.0,7.6,1.1,10,
330275884_31122015.pdf,,2015-12-31,DU COTE DES FEMMES,CERGY SAINT CHRISTOPHE,2509564,-119805,-109719,732741,699590,2740490,93,true,deficit,43,C,12.6,8.4,11.2,1.1,10,
330275884_31122016.pdf,,2016-12-31,DU COTE DES FEMMES,CERGY SAINT CHRISTOPHE,2765061,145940,135811,827365,845464,2816271,93,true,excedent,50,C,17.6,9.2,12.2,1.1,10,
330275884_31122017.pdf,,2017-12-31,DU COTE DES FEMMES,CERGY SAINT CHRISTOPHE,2852130,97968,70167,798212,875086,2776127,93,true,excedent,49,C,16.7,9.0,12.3,1.1,10,
330275884_31122018.pdf,,2018-12-31,DU COTE DES FEMMES,CERGY SAINT CHRISTOPHE,2812041,98323,83788,829820,744730,2551955,87,true,excedent,50,C,16.7,10.2,10.6,2.0,10,
333684801_31122008.pdf,,2008-12-31,Association Embecado,Verdun sur Garonne,285546,12266,12022,66221,27735,244005,0,true,excedent,55,C,17.1,8.5,3.9,15.0,10,
333684801_31122014.pdf,333684801,2014-12-31,Association EMBECADO,SAVENES,309598,13008,11113,57359,4908,210950,1,true,excedent,51,C,17.1,8.5,0.6,14.9,10,
333684801_31122015.pdf,333684801,2015-12-31,ASSOCIATION EMBECADO,SAVENES,326752,16342,13308,71197,3065,211088,2,true,excedent,53,C,17.5,10.5,0.4,14.7,10,
333684801_31122016.pdf,333681801,2016-12-31,ASSOCIATION EMBECADO,SAVENES,358518,20936,18312,88617,26254,210902,0,true,excedent,59,C,17.9,13.1,2.9,15.0,10,
333684801_31122017.pdf,333684801,2017-12-31,ASSOCIATION EMBECADO,SAVENES,319493,-16065,-15476,87725,20767,191801,0,true,deficit,54,C,12.5,14.3,2.6,15.0,10,
335036281_31122015.pdf,,2015-12-31,Association CEMEA BASSE NORMANDIE,HEROUVILLE SAINT CLAIR,1336612,14858,7786,420704,170457,885340,6,true,excedent,60,B,15.6,14.8,5.1,14.1,10,
339763781_30092017.pdf,33976378100012,2017-09-30,MOISSAC CULTURE VIBRATION,MOISSAC,358978,27513,16735,17128,40912,119734,52,true,excedent,45,C,18.8,4.5,4.6,7.2,10,
339763781_30092018.pdf,33976378100012,2018-09-30,MOISSAC CULTURE VIBRATIONS,MOISSAC,710862,6615,2321,14808,46749,280395,66,true,excedent,35,D,15.5,1.7,2.6,5.1,10,
339763781_31082019.pdf,,2019-08-31,MOISSAC CULTURE VIBRATIONS,MOISSAC,564971,190,-233,-15040,46807,228808,71,false,ambigu,23,D,15.0,0,3.3,4.4,0,
339763781_31082020.pdf,33976378100012,2020-08-31,MOISSAC CULTURE VIBRATIONS,MOISSAC,468328,-591,8020,-7020,265850,409653,85,true,ambigu,47,C,14.9,0,20,2.3,10,
341931004_31122009.pdf,,2009-12-31,CENTRE SOCIAL MAISON DES DEUX QUARTIERS,ROUBAIX,1226989,15845,40947,426552,166668,426552,62,true,excedent,62,B,15.6,25,5.4,5.7,10,
341931004_31122022.pdf,,2022-12-31,Association ICIELA,ROUBAIX,2783800,-51295,-7843,572134,403691,1263697,93,true,ambigu,45,C,14.1,14.1,5.8,1.1,10,
341931004_31122023.pdf,,2023-12-31,ICIELA,ROUBAIX,2612980,-97468,-93172,471267,279143,1039558,94,true,deficit,43,C,13.1,14.2,4.3,0.9,10,
345093249_31122006.pdf,345093249,,,,,,,,,,,,,,,,,,,,JSON invalide: unexpected character: 'Je' at line 1 column 1
378985030_31122006.pdf,,2006-12-31,Office Thermal et Tourisme d'Uriage,Uriage-les-Bains,390442,22723,22814,92680,116084,145475,90,true,excedent,61,B,17.9,19.9,11.9,1.5,10,
378985030_31122007.pdf,,2007-12-31,OFFICE THERMAL ET TOURISME D'URIAGE,URIAGE LES BAINS,351339,1768,22814,92680,139120,157344,99,true,excedent,60,B,15.3,18.4,15.8,0.2,10,
378985030_31122008.pdf,,2008-12-31,OFFICE THERMAL ET TOURISME D'URIAGE,URIAGE LES BAINS,393526,4501,10645,97114,139195,170387,90,true,excedent,59,C,15.6,17.8,14.1,1.5,10,
378985030_31122009.pdf,,2009-12-31,ASSOCIATION OFFICE THERMAL ET TOURISME D'URIAGE - OTTU,URIAGE,398213,16299,15675,70794,106316,158878,88,true,excedent,53,C,17.0,13.9,10.7,1.8,10,
378985030_31122010.pdf,,2010-12-31,OFFICE THERMAL ET TOURISME D'URIAGE,URIAGE,449531,2829,8800,78763,88816,166531,78,true,excedent,51,C,15.3,14.8,7.9,3.3,10,
378985030_31122011.pdf,,2011-12-31,OFFICE THERMAL ET TOURISME D'URIAGE,URIAGE,454538,-14081,-10977,67786,102366,159592,81,true,deficit,49,C,13.5,13.3,9.0,2.9,10,
378985030_31122012.pdf,,2012-12-31,OFFICE THERMAL ET TOURISME D'URIAGE,URIAGE,426286,826,1897,69683,99741,140874,86,true,excedent,52,C,15.1,15.5,9.4,2.1,10,
378985030_31122013.pdf,,2013-12-31,OFFICE THERMAL ET TOURISME D'URIAGE,URIAGE,426855,5188,6252,75936,113966,154719,88,true,excedent,53,C,15.6,15.3,10.7,1.8,10,
378985030_31122014.pdf,,2014-12-31,OFFICE THERMAL ET TOURISTIQUE D'URIAGE,URIAGE,443213,18860,8964,75936,128977,176640,85,true,excedent,54,C,17.1,13.4,11.6,2.3,10,
378985030_31122015.pdf,,2015-12-31,OFFICE THERMAL ET TOURISME D'URIAGE OTTU,URIAGE,446728,8642,18252,103152,143116,193382,85,true,excedent,58,C,16.0,16.7,12.8,2.3,10,
378985030_31122016.pdf,,2016-12-31,Office Thermal et Tourisme d'Uriage,Uriage,347100,,,,,,100,false,ambigu,15,E,15.0,0,0.0,0.0,0,
378985030_31122017.pdf,,2017-12-31,OFFICE THERMAL ET TOURISTIQUE D'URIAGE,URIAGE,407869,12155,12011,80978,89863,145037,89,true,excedent,54,C,16.5,17.4,8.8,1.7,10,
378985030_31122018.pdf,,2018-12-31,Office Thermal et Touristique d'Uriage,Uriage,412388,7334,5121,86099,78609,146481,88,true,excedent,54,C,15.9,18.4,7.6,1.8,10,
378985030_31122019.pdf,,2019-12-31,OFFICE THERMAL TOURISTIQUE D'URIAGE LES BAINS,URIAGE,405658,2450,-6430,79669,82985,132666,88,false,ambigu,44,C,15.3,18.8,8.2,1.8,0,
378985030_31122020.pdf,,2020-12-31,Office Thermal Touristique d'Uriage les Bains,Uriage,322637,3478,1342,81011,91189,149809,97,false,excedent,44,C,15.5,16.9,11.3,0.5,0,
378985030_31122021.pdf,,2021-12-31,OFFICE THERMAL TOURISTIQUE D'URIAGE LES BAINS,URIAGE,375247,-3653,-3776,77236,93579,167579,89,false,deficit,41,C,14.5,14.4,10.0,1.7,0,
379093057_31122008.pdf,,2008-12-31,CRECHE LES PETITS LOUPS,VIC EN BIGORRE,375085,-121,0,49137,4032,136114,19,true,ambigu,49,C,15.0,11.3,0.4,12.2,10,
379093057_31122009.pdf,,2009-12-31,CRECHE LES PETITS LOUPS,VIC EN BIGORRE,376973,-2902,2610,46056,36546,159763,28,true,ambigu,48,C,14.6,9.0,3.9,10.8,10,
379093057_31122010.pdf,,2010-12-31,CRECHE LES PETITS LOUPS,VIC EN BIGORRE,,,,,,,,true,,18,E,0,0,0,7.5,10,
379093057_31122011.pdf,,2011-12-31,Les Petits Loups,Vic en Bigorre,418190,-16266,-5839,28025,12830,133587,25,false,deficit,32,D,13.1,6.6,1.2,11.3,0,
379093057_31122012.pdf,,2012-12-31,Les Petits Loups,Vic en Bigorre,455497,-25879,-2397,25216,23421,138543,23,false,deficit,32,D,12.2,5.7,2.1,11.6,0,
379981913_31122006.pdf,,2006-12-31,ASSD PAREC,PONT AUDEMER,1642683,52998,58603,284132,112064,507190,73,true,excedent,51,C,16.6,17.5,2.7,4.1,10,
379981913_31122007.pdf,37998191300013,2007-12-31,ASSOCIATION PAREC,PONT AUDEMER,1592248,71180,61867,337865,138391,567798,72,true,excedent,54,C,17.2,18.6,3.5,4.2,10,
379981913_31122008.pdf,,2008-12-31,ASSOCIATION PAREC,PONT AUDEMER,1576513,31769,38308,368041,118323,565133,72,true,excedent,54,C,16.0,20.4,3.0,4.2,10,
379981913_31122009.pdf,,2009-12-31,ASSD PAREC,PONT AUDEMER,1458445,3419,-8670,361999,226166,575073,71,true,deficit,55,C,15.1,19.7,6.2,4.4,10,
379981913_31122010.pdf,379981913,2010-12-31,ASSD PAREC,PONT AUDEMER,1442377,32735,31363,409231,117409,598835,68,true,excedent,56,C,16.1,21.4,3.3,4.8,10,
379981913_31122011.pdf,379981913,2011-12-31,Association PAREC,Pont Audemer,1528663,2500,-15234,386517,34132,572687,68,true,ambigu,52,C,15.1,21.1,0.9,4.8,10,
379981913_31122012.pdf,,2012-12-31,Association PAREC,PONT AUDEMER,1552595,-51916,99,384939,8208,548611,69,false,ambigu,40,C,13.3,21.9,0.2,4.7,0,
379981913_31122013.pdf,,2013-12-31,ASSOCIATION PAREC,Pont Audemer,1600938,-99262,-105094,283529,104690,479315,69,true,deficit,48,C,11.9,18.5,2.6,4.7,10,
379981913_31122014.pdf,,2014-12-31,ASSOCIATION PAREC,PONT AUDEMER,1678832,-70520,-62902,222426,53053,674325,70,true,deficit,39,D,12.9,10.3,1.3,4.5,10,
379981913_31122015.pdf,37998191300070,2015-12-31,ASSOCIATION PAREC,PONT AUDEMER,1809948,-5606,11328,197662,84744,751674,71,true,ambigu,39,D,14.8,8.2,1.9,4.4,10,
379981913_31122016.pdf,,2016-12-31,ASSOCIATION PAREC,Pont Audemer,1847039,-4708,-6299,216800,118644,587017,70,true,deficit,44,C,14.9,11.5,2.6,4.5,10,
379981913_31122017.pdf,,2017-12-31,ASSOCIATION PAREC,Pont Audemer,1871900,-58435,-57109,160668,71161,489843,70,true,deficit,40,C,13.4,10.2,1.5,4.5,10,
379981913_31122018.pdf,,2018-12-31,ASSOCIATION PAREC,Pont Audemer,,,,,,,,true,deficit,18,E,0,0,0,7.5,10,
380305391_31122010.pdf,,2010-12-31,LA PIERRE BLANCHE,CONFLANS SAINTE HONORINE,727976,41339,17991,232889,260621,384841,0,true,excedent,76,B,17.8,18.9,14.3,15.0,10,
388722985_31122013.pdf,,2013-12-31,Association CALINOU,LA CHAPELLE DES FOUGERETZ,314752,-10503,-4339,110923,68566,162998,32,true,deficit,64,B,13.3,21.3,8.7,10.2,10,
388722985_31122015.pdf,,2015-12-31,Association CALINOU,LA CHAPELLE DU FOUGERETZ,340929,4443,3256,105577,90978,185223,32,true,excedent,64,B,15.7,17.8,10.7,10.2,10,
390550408_31122011.pdf,390550408,2010-12-31,Association Initiatives Karties,Piton Saint Leu,2581696,99093,-18181,136075,133870,275709,98,true,ambigu,45,C,16.9,15.4,2.1,0.3,10,
390550408_31122011_rectif1.pdf,390550408,2011-12-31,Association Initiatives Karties,Piton Saint-Leu,2452318,12424,26691,60591,80202,445991,99,true,excedent,31,D,15.3,4.2,1.3,0.2,10,
390550408_31122012.pdf,450720347,2012-12-31,Association non identifiée dans le document,ST LEU,484138,18920,26983,42050,24787,161115,95,true,excedent,38,D,17.0,8.2,2.0,0.8,10,
391040672_31122012.pdf,,2012-12-31,Association FAIR (FORMATION ANIMATION INSERTION REUNION),Saint Pierre,599985,30362,24581,61793,54094,191314,26,true,excedent,52,C,17.5,10.1,3.6,11.1,10,
391040672_31122013.pdf,,2013-12-31,ASSOCIATION FAIR,Saint Pierre,474265,117116,129024,67231,2038,392692,68,true,excedent,48,C,27.3,5.4,0.2,4.8,10,
391040672_31122014.pdf,,2014-12-31,Association FORMATION ANIMATION INSERTION REUNION,Saint Pierre,540090,-104023,-107089,174320,33776,464382,20,true,deficit,42,C,5.4,11.7,2.5,12.0,10,
391040672_31122015.pdf,,2015-12-31,FAIR,,895814,13920,26879,,,,18,false,excedent,28,D,15.8,0,0.0,12.3,0,
392336335_31122006.pdf,392336335,2006-12-31,CIE DU SOLEIL BLEUE,BORDEAUX,581395,-3754,-5159,-28645,80731,172759,31,true,deficit,41,C,14.7,0,5.6,10.4,10,
392336335_31122007.pdf,392336335,2007-12-31,CIE DU SOLEIL BLEU,BORDEAUX,731616,39713,35482,8176,50485,76886,19,true,excedent,46,C,17.7,3.3,2.8,12.2,10,
392336335_31122008.pdf,392336335,,,,,,,,,,,,,,,,,,,,"Anthropic::Errors::BadRequestError: {:url=>""https://api.anthropic.com/v1/messages"", :status=>400, :body=>{:type=>""error"", :error=>{:type=>""invalid_request_error"", :message=>""prompt is too long: 213842 tokens > 200000 maximum""}, :request_"
392694014_31122016.pdf,,2016-12-31,AREFIS,VILLEURBANNE,8261421,298903,127476,1948089,956165,8777980,49,false,excedent,36,D,16.8,6.9,4.6,7.7,0,
392694014_31122017.pdf,,2017-12-31,AREFIS,VILLEURBANNE,8529045,268821,214767,3684016,1491016,9039729,47,true,excedent,54,C,16.6,12.7,7.0,8.0,10,
392694014_31122020.pdf,,2020-12-31,ENSEIS,VILLEURBANNE,4082425,104493,-28066,2181872,320807,9383211,38,true,ambigu,46,C,16.3,7.3,3.1,9.3,10,
394915177_31122012.pdf,,2012-12-31,CLUB OLYMPIQUE DE SAINT PIERRE,le Tampon,234051,12135,12135,56905,28247,100354,30,true,excedent,61,B,17.6,17.7,4.8,10.5,10,
394915177_31122013.pdf,,2013-12-31,CLUB OLYMPIQUE DE SAINT PIERRE,le Tampon,300853,-50423,-50423,6482,10064,53809,23,true,deficit,33,D,6.6,3.8,1.3,11.6,10,
398581124_31122006.pdf,,2006-12-31,ASSOCIATION ESPACE ENVIRONNEMENT 08,ATTIGNY,779254,22997,48310,179007,38932,228567,82,true,excedent,56,C,16.5,24.5,2.0,2.7,10,
398581124_31122007.pdf,398581124,2007-12-31,Association Espace Environnement 08,Attigny,878966,12488,13213,192219,80213,319416,87,true,excedent,50,C,15.7,18.8,3.7,2.0,10,
398581124_31122008.pdf,39858112400011,2008-12-31,Association Espace Environnement 08,Attigny,911794,-15059,-12574,176045,97979,302347,86,true,deficit,49,C,14.2,18.2,4.3,2.1,10,
398581124_31122009.pdf,398581124,2009-12-31,ASSOCIATION ESPACE ENVIRONNEMENT 08,ATTIGNY,933978,-35058,-24818,151227,77787,301412,36,true,deficit,52,C,13.1,15.7,3.3,9.6,10,
398581124_31122010.pdf,398581124,2010-12-31,ASSOCIATION ESPACE ENVIRONNEMENT 08,ATTIGNY,845619,15589,9732,160958,138026,369626,39,true,excedent,55,C,15.9,13.6,6.5,9.2,10,
398581124_31122011.pdf,398581124,2011-12-31,Association Espace Environnement 08,Attigny,863329,15589,-80738,80220,50070,178646,38,true,ambigu,52,C,15.9,14.0,2.3,9.3,10,
398581124_31122012.pdf,39858112400011,2012-12-31,ESPACE ENVIRONNEMENT 08,ATTIGNY,1021295,-45568,-47006,33213,11981,121059,35,true,deficit,42,C,12.8,8.6,0.5,9.8,10,
398581124_31122013.pdf,39858112400037,2013-12-31,ESPACE ENVIRONNEMENT 08,ATTIGNY,1079100,31766,32242,76678,12519,242338,38,true,excedent,46,C,16.5,9.9,0.5,9.3,10,
398581124_31122014.pdf,39858112400037,2014-12-31,ASSOCIATION ESPACE ENVIRONNEMENT 08,ATTIGNY,1077222,53654,52373,129336,125194,319332,45,true,excedent,53,C,17.5,12.7,4.6,8.3,10,
398581124_31122015.pdf,398581124,2015-12-31,ASSOCIATION ESPACE ENVIRONNEMENT 08,ATTIGNY,1160414,16739,-55727,153234,148284,356880,27,true,ambigu,55,C,15.7,13.4,5.1,11.0,10,
398581124_31122016.pdf,398851124000037,2016-12-31,ASSOCIATION ESPACE ENVIRONNEMENT 08,REIMS,391083,-10783,-5756,190072,131652,233315,49,false,deficit,60,B,13.6,25,13.5,7.7,0,
398581124_31122017.pdf,39858112400037,2017-12-31,ESPACE ENVIRONNEMENT 08,ATTIGNY,1143728,-37483,-36374,106672,85103,261672,22,true,deficit,51,C,13.4,12.7,3.0,11.7,10,
398581124_31122019.pdf,39858112400037,2019-12-31,ESPACE ENVIRONNEMENT 08,ATTIGNY,1116149,10736,14551,143218,41725,290981,20,true,excedent,54,C,15.5,15.4,1.5,12.0,10,
398581124_31122020.pdf,39858112400037,2020-12-31,Association Espace Environnement 08,Attigny,974848,-90257,-59999,58775,34780,267093,19,true,deficit,41,C,10.4,6.9,1.4,12.2,10,
398581124_31122021.pdf,39858112400037,2021-12-31,ESPACE ENVIRONNEMENT 08,ATTIGNY,1197192,-55978,-50791,1469,48902,226938,15,true,deficit,37,D,12.7,0.2,1.6,12.8,10,
399697184_31122018.pdf,,2018-12-31,ESPACE PETITE ENFANCE,CAUSSADE,215078,-4160,-350,24019,19250,50025,81,false,deficit,36,D,14.0,15.0,3.6,2.9,0,
399697184_31122020.pdf,39969718400030,2020-12-31,ASSOC ESPACE PETITE ENFANCE,CAUSSADE,233310,24438,25205,56855,57363,80698,76,false,excedent,56,C,20.2,22.0,9.8,3.6,0,
399697184_31122021.pdf,,2021-12-31,ASSOC ESPACE PETITE ENFANCE,,222305,-7155,-6566,49614,52335,76770,80,false,deficit,46,C,13.4,20.2,9.4,3.0,0,
399845114_31122006.pdf,399845114,2008-12-31,Association A.G.I.I.E,Louvroil,2327718,60539,60709,127886,78400,530091,72,true,excedent,39,D,16.3,7.5,1.3,4.2,10,
399845114_31122007.pdf,399845114,2008-12-31,Association A.G.I.I.E,Louvroil,1017914,60709,60709,127886,78400,530091,1,true,excedent,54,C,18.0,7.5,3.1,14.9,10,
399845114_31122008.pdf,399845114,2008-12-31,Association A.G.I.I.E,Louvroil,2327718,60539,60709,127886,78400,530091,72,true,excedent,39,D,16.3,7.5,1.3,4.2,10,
399845114_31122021.pdf,,2021-12-31,AGIIE,,3610947,-1838,8301,500306,433442,2028212,74,false,ambigu,31,D,15.0,7.7,4.8,3.9,0,
399845114_31122022.pdf,,2022-12-31,AGIIE,Hauts-de-France,3986305,63757,91756,682063,162809,1713860,73,true,excedent,44,C,15.8,12.4,1.6,4.1,10,
399845114_31122023.pdf,,2023-12-31,AGIIE,,4124918,30776,47551,729614,184728,1635166,72,true,excedent,45,C,15.4,13.9,1.8,4.2,10,
402517049_30062009.pdf,,2009-06-30,RUGBY NICE COTE D'AZUR UNIVERSITE RACING,NICE,878267,87863,80994,25899,7443,340108,48,true,excedent,41,C,20.0,2.4,0.3,7.8,10,
402517049_31122010.pdf,,2010-06-30,RUGBY NICE COTE D'AZUR UNIVERSITE RACING,Nice,782401,115870,-107236,-81337,3663,160839,47,true,ambigu,41,C,22.4,0,0.2,8.0,10,
403014012_31122023.pdf,,2022-12-31,Association MAG JEUNES,PARIS,462646,-240517,-205505,-114650,13997,398706,44,false,deficit,10,E,0,0,1.2,8.4,0,
403384100_31122017.pdf,,2017-12-31,ASSOCIATION LES GOONIES,ST GILLES LES BAINS,381645,-6741,-6737,-113983,21802,347796,67,true,deficit,31,D,14.1,0,2.3,5.0,10,
403384100_31122018.pdf,,2018-12-31,ASSOCIATION LES GOONIES,SAINT GILLES LES BAINS,410799,52860,52860,113983,60753,383788,59,true,excedent,53,C,21.4,9.3,5.9,6.1,10,
403384100_31122019.pdf,,2019-12-31,ASSOCIATION LES GOONIES,ST GILLES LES BAINS,418183,39051,39058,22065,48373,392093,55,true,excedent,43,C,19.7,1.8,4.6,6.8,10,
403384100_31122020.pdf,,2020-12-31,ASSOCIATION LES GOONIES,SAINT GILLES LES BAINS,331903,27484,-24578,-46767,24359,59899,39,true,ambigu,41,C,19.1,0,2.9,9.2,10,
405049420_31122009.pdf,,2009-12-31,AMIDON 45,ORLEANS,279419,-1570,5987,67641,50887,108325,55,true,ambigu,58,C,14.7,19.5,7.3,6.8,10,
405049420_31122011.pdf,,2011-12-31,Association AMIDON 45,ORLEANS,334335,23748,-16120,56148,59834,103982,47,true,ambigu,61,B,18.6,16.9,7.2,8.0,10,
405049420_31122012.pdf,40504942,2012-12-31,ASS AMIDON 45,ORLEANS,303363,-9909,-4028,67578,57988,133217,49,false,deficit,45,C,13.4,15.9,7.6,7.7,0,
405049420_31122014.pdf,,2014-12-31,AMIDON 45,,305645,1200,11941,,,,37,false,excedent,25,D,15.2,0,0.0,9.5,0,
409031184_31122010.pdf,,2010-12-31,MAISON DU DIABETE DE LA REUNION,SAINT-DENIS,308038,27008,27008,53107,67831,77439,93,true,excedent,61,B,19.4,21.4,8.8,1.1,10,
409031184_31122013.pdf,,2012-12-31,MAISON DU DIABETE DE LA REUNION,LE TAMPON,301756,12835,12093,49469,113634,169876,98,true,excedent,52,C,17.1,9.1,15.1,0.3,10,
412859670_31122011.pdf,,2011-12-31,ADMR SCARPE SENSEE,ECOUST SAINT MEIN,4097297,59261,32609,933090,765272,1985370,9,true,excedent,62,B,15.7,14.7,7.5,13.7,10,
412859670_31122012.pdf,,2012-12-31,ADMR SCARPE SENSEE,ECOUST SAINT MEIN,4131774,12185,8984,10247,544335,1533763,11,true,excedent,44,C,15.1,0.2,5.3,13.4,10,
413755760_31122022.pdf,413755760,2022-12-31,LE JARDIN DE POUCELINA,SAINTE CLOTILDE,398294,-174633,-50287,755046,4287,912275,49,false,deficit,33,D,0,25,0.4,7.7,0,
421007568_31122021.pdf,,2021-12-31,ASSOCIATION SPORTS ET LOISIRS,TOULOUSE,225289,31933,33988,202789,122944,476073,100,false,excedent,55,C,22.1,13.3,20,0.0,0,
422979005_30112022.pdf,422979005,2022-11-30,Association WOODSTOWER,LYON,1966187,-107333,-106328,73591,293054,504661,21,true,deficit,45,C,12.3,4.6,6.0,11.9,10,
422979005_30112023.pdf,422979005,2023-11-30,Association WOODSTOWER,LYON,2426028,-176689,-177875,-94947,144154,590871,30,true,deficit,34,D,11.4,0,2.4,10.5,10,
422979005_31102019.pdf,422979005,2019-10-31,Association WOODSTOWER,LYON,1271202,37891,30466,75676,404282,545952,14,false,excedent,46,C,16.5,4.3,12.7,12.9,0,
422979005_31102020.pdf,422979005,2020-10-31,Association WOODSTOWER,LYON,326187,115206,93002,168177,320692,428287,69,false,excedent,67,B,30,12.3,20,4.7,0,
422979005_31102020_rectif1.pdf,422979005,2020-10-31,Association WOODSTOWER,LYON,326187,115206,93002,168177,320692,428287,69,true,excedent,77,B,30,12.3,20,4.7,10,
422979005_31102021.pdf,422979005,2021-10-31,Association WOODSTOWER,LYON,1141309,-2148,-2002,171237,361378,523375,42,true,deficit,57,C,14.9,10.2,12.7,8.7,10,
424979060_31122014.pdf,,2014-12-31,ADEPES,RAMONVILLE SAINT AGNE,173247,-27954,-27346,-62621,4330,73191,76,false,deficit,12,E,6.9,0,1.0,3.6,0,
429778640_31122006.pdf,,2006-12-31,LES JARDINS DU PLATEAU PICARD,AVRECHY,947770,-45785,6983,103172,43577,509112,66,true,ambigu,36,D,12.6,6.3,1.8,5.1,10,
429778640_31122007.pdf,,2007-12-31,LES JARDINS DU PLATEAU PICARD,AVRECHY,961114,-44752,18750,283861,18952,461011,63,true,ambigu,48,C,12.7,19.2,0.8,5.6,10,
429778640_31122008.pdf,,2008-12-31,LES JARDINS DU PLATEAU PICARD,AVRECHY,942042,-35223,17740,285002,29192,477701,59,true,ambigu,49,C,13.1,18.6,1.2,6.1,10,
429778640_31122009.pdf,,2009-12-31,LES JARDINS DU PLATEAU PICARD,AVRECHY,1116172,-58124,-8422,344224,207374,721048,62,true,deficit,50,C,12.4,14.9,7.4,5.7,10,
432970622_31122013.pdf,,2013-12-31,ASSOCIATION FORCES,ABYMES,634965,318656,312006,707691,585782,771500,97,false,excedent,76,B,30,25,20,0.5,0,
432970622_31122014.pdf,,2014-12-31,ASSOCIATION FORCES,LES ABYMES,235423,-139209,-304544,403147,423163,491210,86,false,deficit,47,C,0,25,20,2.1,0,
432970622_31122015.pdf,,2015-12-31,FORCES - Villa LYCAON,LES ABYMES,347202,-13234,20420,382349,382688,470648,85,false,ambigu,60,B,13.1,25,20,2.3,0,
432970622_31122015_rectif1.pdf,432970622,,,,,,,,,,,,,,,,,,,,scoring error: TypeError: String can't be coerced into Float
433298387_30062007.pdf,43329838700013,2007-06-30,STADE DIJONNAIS COTE D'OR,LONGVIC,923170,-16409,3137,36032,38141,256925,50,true,ambigu,38,D,14.1,4.4,1.7,7.5,10,
433298387_30062008.pdf,43329838700013,2008-06-30,STADE DIJONNAIS COTE D'OR,LONGVIC,861358,-73136,0,62321,11786,330767,53,true,ambigu,34,D,10.8,5.9,0.5,7.1,10,
433298387_30062009.pdf,,2009-06-30,STADE DIJONNAIS COTE D'OR,LONGVIC,722539,-126647,0,60505,49035,395093,70,true,ambigu,28,D,6.2,4.8,2.7,4.5,10,
433298387_30062017.pdf,,2017-06-30,ASSOCIATION STADE DIJONNAIS ASSOCIATION,LONGVIC,620478,-104156,-269559,-100761,20505,553078,44,false,deficit,16,E,6.6,0,1.3,8.4,0,
433298387_30062018.pdf,,2018-06-30,ASSOCIATION STADE DIJONNAIS,LONGVIC,631495,-124840,134768,12504,42681,571475,46,false,ambigu,17,E,5.1,0.7,2.7,8.1,0,
433298387_30062019.pdf,,2019-06-30,ASSOCIATION STADE DIJONNAIS,LONGVIC,1252152,419971,457921,448923,32706,1046914,22,false,excedent,56,C,30,13.4,1.0,11.7,0,
433298387_30062020.pdf,,2020-06-30,ASSOCIATION STADE DIJONNAIS,LONGVIC,463080,-137250,-292793,134628,38238,953230,54,false,deficit,15,E,0.2,4.4,3.3,6.9,0,
433298387_30062021.pdf,004999,2021-06-30,ASSOC STADE DIJONNAIS,DIJON,9015,33289,-24242,93591,73264,795060,2874,false,ambigu,54,C,30,3.7,20,0,0,
438783698_31122013.pdf,,2013-12-31,ASSOCIATION ECOPAL,GRANDE SYNTHE,564769,34895,33776,317841,209049,425194,87,false,excedent,58,C,18.1,23.4,14.8,2.0,0,
438783698_31122014.pdf,,2014-12-31,ASSOCIATION ECOPAL,GRANDE SYNTHE,487675,62339,62339,380180,198769,491636,64,false,excedent,67,B,21.4,24.2,16.3,5.4,0,
438783698_31122015.pdf,,2015-12-31,ASSOCIATION ECOPAL,,315448,-12236,-14383,365796,249982,485464,68,false,deficit,61,B,13.1,23.5,20,4.8,0,
438783698_31122016.pdf,,2016-12-31,ASSOCIATION ECOPAL,,285332,-116607,-116607,249189,115357,370035,80,false,deficit,40,C,0,21.0,16.2,3.0,0,
438783698_31122017.pdf,,2017-12-31,ASSOCIATION ECOPAL,GRANDE SYNTHE,236968,-128487,-128487,105632,99020,235470,69,false,deficit,35,D,0,14.0,16.7,4.7,0,
438783698_31122018.pdf,,2018-12-31,ASSOCIATION ECOPAL,GRANDE SYNTHE,251995,-100951,-100951,4681,36129,148114,58,false,deficit,13,E,0,1.0,5.7,6.3,0,
438783698_31122020.pdf,,2020-12-31,ASSOCIATION ECOPAL,DUNKERQUE,353415,89645,130111,102000,66267,216465,55,false,excedent,57,C,27.7,14.7,7.5,6.8,0,
438783698_31122021.pdf,,2021-12-31,ASSOCIATION ECOPAL,DUNKERQUE,286507,18096,16060,118059,46478,218508,70,true,excedent,56,C,18.2,16.9,6.5,4.5,10,
438783698_31122022.pdf,,2022-12-31,ASSOCIATION ECOPAL,DUNKERQUE,356011,-23769,1456,119516,60943,237664,70,true,ambigu,49,C,11.7,15.7,6.8,4.5,10,
438783698_31122023.pdf,,2023-12-31,Association ECOPAL,DUNKERQUE,283820,16576,16583,136099,169214,296259,66,true,excedent,67,B,17.9,14.4,20,5.1,10,
438783698_31122024.pdf,,2024-12-31,Association ECOPAL,DUNKERQUE,309439,-44464,-57532,78567,189854,251766,60,true,deficit,54,C,7.8,9.8,20,6.0,10,
443673876_31122008.pdf,443673876,,,,,,,,,,,,,,,,,,,,"Anthropic::Errors::BadRequestError: {:url=>""https://api.anthropic.com/v1/messages"", :status=>400, :body=>{:type=>""error"", :error=>{:type=>""invalid_request_error"", :message=>""messages.0.content.0.pdf.source.base64.data: The PDF specified "
443673876_31122009.pdf,,2009-12-31,ASSOCIATION JEUNESSE 2000,SAINTE-CLOTILDE,382897,22826,-26204,-31216,18055,50952,97,false,deficit,20,D,18.0,0,1.9,0.5,0,
443673876_31122010.pdf,,2010-12-31,JEUNESSE 2000,SAINTE CLOTILDE,868394,47174,27074,-4142,207927,293322,93,true,excedent,38,D,17.7,0,9.6,1.1,10,
443673876_31122011.pdf,,2011-12-31,JEUNESSE 2000,SAINTE CLOTILDE,1164756,-88830,-88830,-92972,127682,340658,83,false,deficit,18,E,11.2,0,4.4,2.6,0,
443673876_31122012.pdf,,2012-12-31,JEUNESSE 2000,SAINTE CLOTILDE,1098293,-94966,-94966,-187938,112841,211531,87,false,deficit,17,E,10.7,0,4.1,2.0,0,
450289392_30092019.pdf,,2018-12-31,ASSO° IREN,STE CLOTILDE,281116,-33379,-35039,-17552,33938,126906,81,false,deficit,17,E,9.1,0,4.8,2.9,0,
450289392_31122014.pdf,,2014-12-31,IREN - Institut Régional d'Education Nutritionnelle,Saint-Denis,302251,8933,16765,-36903,102337,178405,72,true,excedent,44,C,16.5,0,13.5,4.2,10,
450289392_31122017.pdf,,2017-12-31,IREN,SAINT DENIS,331816,890,3481,17486,89746,191098,77,false,excedent,32,D,15.1,2.9,10.8,3.5,0,
484543194_31122024.pdf,484543194,2024-12-31,ASS ROCK EN STOCK OPALE,ETAPLES,318877,-9055,366,-63541,57540,78394,70,false,ambigu,25,D,13.6,0,7.2,4.5,0,
490108925_28062022.pdf,490108925,2021-12-31,ESPACE SOCIAL ALOUETTE ANIMATION,PESSAC,548446,27736,27559,303132,247531,378804,67,true,excedent,76,B,17.5,25,18.1,5.0,10,
490108925_31122006.pdf,49010892500010,2006-12-31,Association Alouette Animation,PESSAC,508266,19173,15187,133240,87904,176228,91,true,excedent,59,C,16.9,23.6,6.9,1.3,10,
490108925_31122007.pdf,490108925,2007-12-31,ALOUETTE ANIMATION,PESSAC,540517,5087,2327,135567,131080,191189,85,true,excedent,60,B,15.5,22.2,9.7,2.3,10,
490108925_31122008.pdf,490108925,2008-12-31,ALOUETTE ANIMATION,PESSAC,577741,18155,18397,177370,118479,225373,87,true,excedent,61,B,16.6,24.6,8.2,2.0,10,
490108925_31122009.pdf,49010892500010,2009-12-31,ALOUETTE ANIMATION,PESSAC,567119,14349,10179,187549,119275,227380,86,true,excedent,62,B,16.3,25,8.4,2.1,10,
490108925_31122010.pdf,49010892500010,2010-12-31,ALOUETTE ANIMATION,PESSAC,489044,18146,16153,203702,163170,243229,71,true,excedent,70,B,16.9,25,13.3,4.4,10,
490108925_31122012.pdf,490108925,2012-12-31,ALOUETTE ANIMATION,PESSAC,532352,-51666,-50091,164444,205658,266494,74,true,deficit,59,C,10.1,19.3,15.5,3.9,10,
490108925_31122013.pdf,490108925,2013-12-31,ALOUETTE ANIMATION,PESSAC,507438,-4505,-2627,161818,202510,262379,74,true,deficit,64,B,14.6,19.3,16.0,3.9,10,
490108925_31122014.pdf,490108925,2014-12-31,ALOUETTE ANIMATION,PESSAC,527191,42279,30135,191953,220612,278830,69,true,excedent,72,B,19.0,21.5,16.7,4.7,10,
490108925_31122014_rectif1.pdf,490108925,2014-12-31,ALOUETTE ANIMATION,PESSAC,527191,42279,30135,191953,219815,278830,69,true,excedent,72,B,19.0,21.5,16.7,4.7,10,
490108925_31122015.pdf,490108925,2015-12-31,ALOUETTE ANIMATION,PESSAC,518310,15822,19855,211807,211360,270703,65,true,excedent,73,B,16.5,24.5,16.3,5.3,10,
490108925_31122016.pdf,490108925,2016-12-31,ALOUETTE ANIMATION,PESSAC,474267,25280,24305,236112,240501,295200,71,true,excedent,77,B,17.7,25.0,20,4.4,10,
490108925_31122017.pdf,490108925,2017-12-31,ALOUETTE ANIMATION,PESSAC,501540,10185,21893,258006,241556,325953,70,true,excedent,75,B,16.0,24.7,19.3,4.5,10,
490108925_31122018.pdf,490108925,2018-12-31,ALOUETTE ANIMATION,PESSAC,485099,-12340,-16623,241382,233075,324547,66,true,deficit,71,B,13.7,23.2,19.2,5.1,10,
490108925_31122019.pdf,490108925,2019-12-31,ALOUETTE ANIMATION,PESSAC,511013,1727,3382,244764,248446,328086,62,true,excedent,74,B,15.2,23.3,19.4,5.7,10,
490108925_31122020.pdf,881802581,2020-12-31,ESPACE SOCIAL ALOUETTE ANIMATION,PESSAC,,,,,,,,false,,8,E,0,0,0,7.5,0,
490108925_31122021.pdf,490108925,2021-12-31,ESPACE SOCIAL ALOUETTE ANIMATION,PESSAC,548446,27736,27559,303132,247531,378804,67,true,excedent,76,B,17.5,25,18.1,5.0,10,
490108925_31122022.pdf,490108925,2022-12-31,ESPACE SOCIAL ALOUETTE ANIMATION,PESSAC,511629,-16457,-11963,298494,232394,369852,66,true,deficit,72,B,13.4,25,18.2,5.1,10,
490533262_31122013.pdf,,2013-12-31,Association OBJECTIF PREVENTION MARTINIQUE,Fort-de-France,342278,49818,42977,61648,59274,173538,86,false,excedent,42,C,22.3,11.1,6.9,2.1,0,
490533262_31122014.pdf,,2014-12-31,Association OBJECTIF PREVENTION MARTINIQUE,Fort-de-France,526870,4510,4955,75939,103402,221326,77,true,excedent,48,C,15.4,10.7,7.9,3.5,10,
490533262_31122015.pdf,,2015-12-31,Association OBJECTIF PREVENTION MARTINIQUE,Le Lamentin,529848,9228,4036,71105,53516,181153,88,true,excedent,44,C,15.9,12.3,4.0,1.8,10,
502654007_31122016.pdf,50265400700033,2016-12-31,Association PROXISANTE,FLOIRAC,238490,67600,1375,-48160,76404,84190,70,true,excedent,57,C,29.2,0,12.8,4.5,10,
502654007_31122017.pdf,50265400700033,2017-12-31,Association PROXISANTE,FLOIRAC,519078,204251,25161,-22999,160812,284078,87,true,excedent,54,C,30,0,12.4,2.0,10,
504817503_31122008.pdf,,2008-12-31,Le Lieu du Design en Ile de France,Paris,512732,0,5416,1712351,644499,2000111,99,false,excedent,60,B,15.0,25,20,0.2,0,
504817503_31122009.pdf,,2009-12-31,Le Lieu du Design en Ile de France,Paris,3192052,126501,277594,283009,372359,3172687,59,true,excedent,41,C,17.0,2.8,4.7,6.1,10,
504817503_31122010.pdf,,2010-12-31,Le Lieu du Design en Ile de France,Paris,3287340,-253872,-4965,278044,475633,2832465,49,true,ambigu,38,D,11.1,3.1,5.8,7.7,10,
504817503_31122011.pdf,,2011-12-31,Le Lieu du Design en Ile de France,Paris,3312288,-121952,155326,433371,256721,2772605,48,true,ambigu,39,D,13.2,4.9,3.1,7.8,10,
504817503_31122012.pdf,,2012-12-31,Le Lieu du Design en Ile-de-France,Paris,2552695,-1827,220242,653612,711528,2843316,72,true,ambigu,48,C,15.0,7.2,11.1,4.2,10,
504817503_31122013.pdf,,2013-12-31,Le Lieu du Design en Ile-de-France,Paris,2382622,-218746,-37006,932541,909031,2769022,77,true,deficit,50,C,10.4,10.5,15.3,3.5,10,
504817503_31122014.pdf,,2014-12-31,Le Lieu du Design en Ile-de-France,Paris,3620221,2666,148973,1507717,848427,2137592,49,true,excedent,64,B,15.0,22.0,9.4,7.7,10,
504817503_31122015.pdf,,2015-12-31,Le Lieu du Design en Ile de France,Paris,1939051,-225615,-199391,1273403,912215,2084137,82,true,deficit,60,B,9.2,19.1,18.8,2.7,10,
519702138_31122020.pdf,,2020-12-31,ASSOCIATION LA CORDEE,GRENOBLE,350392,31751,25109,14446,56450,68291,71,true,excedent,47,C,19.5,6.6,6.4,4.4,10,
531850949_31122011.pdf,,2011-12-31,GLOBAL EDITORS NETWORK « GEN » RESEAU MONDIAL DES REDACTEURS EN CHEF,PARIS,195924,633,56889,56889,50000,79664,2,true,excedent,72,B,15.2,22.3,10.2,14.7,10,
531850949_31122012.pdf,,2012-12-31,GLOBAL EDITORS NETWORK - GEN,PARIS,452507,136104,133412,133412,6121,147069,2,true,excedent,80,A,30,25,0.5,14.7,10,
531850949_31122013.pdf,,2013-12-31,Association GLOBAL EDITORS NETWORK - GEN,PARIS,1068227,182305,184651,380953,83624,161254,1,true,excedent,77,B,23.5,25,3.1,14.9,10,
531850949_31122014.pdf,,2014-12-31,Association GLOBAL EDITORS NETWORK - GEN,PARIS,1169272,156583,144484,236169,15308,152716,10,true,excedent,71,B,21.7,25,0.5,13.5,10,
531850949_31122015.pdf,,2015-12-31,Association GLOBAL EDITORS NETWORK - GEN,PARIS,1002951,78704,57658,178810,108,257499,35,true,excedent,60,B,18.9,21.7,0.0,9.8,10,
531850949_31122016.pdf,,2016-12-31,GLOBAL EDITORS NETWORK - GEN,PARIS,952747,50909,52025,126786,13916,477960,25,true,excedent,48,C,17.7,8.3,0.6,11.3,10,
531850949_31122017.pdf,,2017-12-31,GLOBAL EDITORS NETWORK - GEN,PARIS,1160235,-81152,-73385,-200171,100,399142,8,true,deficit,35,D,11.5,0,0.0,13.8,10,
531945566_31072018.pdf,,2018-07-31,Association ENFANTS DE NEPTUNE TOURCOING LILLE METROPOLE,TOURCOING,412261,-21567,2703,-36142,0,4953,81,false,ambigu,15,E,12.4,0,0.0,2.9,0,
531945566_31072019.pdf,,2019-07-31,Association ENFANTS DE NEPTUNE TOURCOING LILLE METROPOLE,TOURCOING,465388,-59599,4279,-31863,30,30707,70,false,ambigu,13,E,8.6,0,0.0,4.5,0,
531945566_31072021.pdf,531945566,2021-07-31,ASSOCIATION ENFANTS DE NEPTUNE TOURCOING LILLE METROPOLE,TOURCOING,526840,12873,21222,6800,693,73609,70,false,excedent,24,D,16.2,2.9,0.1,4.5,0,
531945566_31072022.pdf,531945566,2022-07-31,ENFANTS DE NEPTUNE TOURCOING LILLE METROPOLE,TOURCOING,661544,21045,20701,27501,0,151446,62,false,excedent,28,D,16.6,5.7,0.0,5.7,0,
531945566_31072023.pdf,531945566,2023-07-31,ENFANTS DE NEPTUNE TOURCOING LILLE METROPOLE,TOURCOING,840135,-282875,-301821,-304055,0,151460,63,false,deficit,6,E,0,0,0.0,5.6,0,
531945566_31122020.pdf,,2020-07-31,Association ENFANTS DE NEPTUNE TOURCOING LILLE METROPOLE,TOURCOING,447225,25042,17441,-14422,44107,119865,69,false,excedent,26,D,17.8,0,3.9,4.7,0,
775624737_31122006.pdf,,2006-12-31,CRES - Comité Régional d'Education pour la Santé,LOOS,1903022,-122183,2798,42162,620085,845925,86,true,ambigu,39,D,11.8,1.6,13.0,2.1,10,
775624737_31122007.pdf,,2007-12-31,Comité Régional d'Education pour la Santé,Loos,869920,42167,10325,820860,0,850706,95,true,excedent,53,C,17.4,25,0.0,0.8,10,
775624737_31122008.pdf,,2008-12-31,INSTANCE REGIONALE D'EDUCATION ET DE PROMOTION DE LA SANTE NORD PAS DE CALAIS,DUNKERQUE,868078,0,2000,780466,671748,868078,37,true,excedent,80,A,15.0,25,20,9.5,10,
775624737_31122009.pdf,,2009-12-31,Instance Régionale d'Education et de Promotion de la Santé Nord Pas de Calais,Dunkerque,1921599,,1672,1361509,621161,1925331,28,true,excedent,71,B,15.0,22.1,12.9,10.8,10,
775624737_31122010.pdf,,2010-12-31,INSTANCE REGIONALE D'EDUCATION ET DE PROMOTION DE LA SANTE NORD PAS DE CALAIS,DUNKERQUE,1970457,-17787,-17787,7201,969372,1085826,33,true,deficit,55,C,14.5,0.2,19.7,10.1,10,
776115321_31122006.pdf,,2006-12-31,ASSOCIATION ALAD,MENDE,2054152,-80554,-20938,714455,562564,1118331,3,false,deficit,59,C,13.0,20.0,11.0,14.6,0,
776115321_31122006_rectif1.pdf,,2006-12-31,Association ALAD,Mende,2054152,-80554,-20938,714455,562564,1118331,3,true,deficit,69,B,13.0,20.0,11.0,14.6,10,
776115321_31122007.pdf,,2007-12-31,Association ALAD,MENDE,2210189,-7550,12779,719376,640949,1236063,3,false,ambigu,59,C,14.8,18.2,11.6,14.6,0,
776115321_31122007_rectif1.pdf,776115321,2007-12-31,ASSOCIATION LOZERIENNE D'AIDE A DOMICILE,MENDE,2210189,-7550,12779,719376,640949,1236063,3,true,ambigu,69,B,14.8,18.2,11.6,14.6,10,
776951436_31122006.pdf,,2006-12-31,Association AMFPAD,TOULOUSE,8226826,35513,35513,875803,1379488,3968278,0,true,excedent,54,C,15.2,6.9,6.7,15.0,10,
776951436_31122007.pdf,,2007-12-31,ASSOCIATION AMFPAD,TOULOUSE,8870515,-67456,31680,907483,1149825,4001499,1,true,ambigu,52,C,14.6,7.1,5.2,14.9,10,
776951436_31122008.pdf,,2008-12-31,ASSOCIATION AMFPAD,TOULOUSE,9272452,-276673,-138407,769077,1182937,4064358,1,true,deficit,49,C,13.5,5.9,5.1,14.9,10,
776951436_31122009.pdf,,2009-12-31,ASSOCIATION AMFPAD,TOULOUSE,9400933,-238505,-190743,578334,1228773,3980355,0,true,deficit,48,C,13.7,4.5,5.2,15.0,10,
777275520_31122009.pdf,,2009-12-31,ADOM 82,CASTELSARRASIN,4100483,-111525,-111525,410271,808829,1721626,1,true,deficit,54,C,13.6,7.4,7.9,14.9,10,
777275520_31122010.pdf,,2010-12-31,ADOM 82,CASTELSARRASIN,4039834,-107616,-109244,655218,102768,1548730,0,true,deficit,53,C,13.7,13.2,1.0,15.0,10,
777275520_31122011.pdf,,2011-12-31,ADOM 82,CASTELSARRASIN,4046113,47522,47522,355673,730401,1568821,0,true,excedent,55,C,15.6,7.1,7.2,15.0,10,
777275520_31122012.pdf,,2012-12-31,ADOM 82,CASTELSARRASIN,3989800,-56435,-56435,300134,389351,1533560,2,true,deficit,49,C,14.3,6.1,3.9,14.7,10,
777275520_31122013.pdf,,2013-12-31,ADOM 82,CASTELSARRASIN,3906414,9835,9835,309968,403648,1482169,3,true,excedent,50,C,15.1,6.5,4.1,14.6,10,
777275520_31122014.pdf,,2014-12-31,ADOM 82,CASTELSARRASIN,4011163,28534,25295,331069,202600,1501705,4,true,excedent,49,C,15.4,6.9,2.0,14.4,10,
777275520_31122015.pdf,,2015-12-31,ADOM 82,CASTELSARRASIN,3994130,75027,69625,398598,569116,1562465,5,true,excedent,54,C,15.9,8.0,5.7,14.3,10,
777275520_31122016.pdf,,2016-12-31,ADOM 82,CASTELSARRASIN,3901431,-4975,-1612,26754,599308,1449021,4,true,deficit,46,C,14.9,0.6,6.1,14.4,10,
777574179_31122008.pdf,,2008-12-31,Maison Familiale d'Education et d'Orientation de Kerozar,,1104496,,17041,,,1104496,,false,excedent,23,D,15.0,0.0,0.0,7.5,0,
777574179_31122009.pdf,,2009-12-31,MAISON FAMILIALE D'EDUCATION ET D'ORIENTATION DE KEROZAR,MORLAIX,1358335,-83759,9068,719649,319742,1084710,60,true,ambigu,58,C,11.9,20.7,9.4,6.0,10,
777574179_31122016.pdf,,2016-12-31,Maison Familiale d'Education et d'Orientation de Kérozar,Morlaix,1275669,-220180,-208614,252655,100079,1677105,61,true,deficit,30,D,6.4,4.7,3.1,5.9,10,
777574179_31122017.pdf,,2017-12-31,MAISON FAMILIALE RURALE D'EDUCATION ET D'ORIENTATION DE KEROZAR,MORLAIX,1196856,-200400,-92649,811994,3451,1485889,52,true,deficit,41,C,6.6,17.1,0.1,7.2,10,
777574179_31122018.pdf,,2018-12-31,Maison Familiale Rurale d'Éducation et d'Orientation de Kérozar,Morlaix,1031663,-47652,-67223,-185061,58531,1354095,58,true,deficit,31,D,12.7,0,2.3,6.3,10,
777574179_31122020.pdf,,2020-12-31,Association Maison Familiale d'Education et d'Orientation de Kerozar,Morlaix,1100366,12786,-11990,-593395,115528,1242830,62,true,ambigu,36,D,15.6,0,4.2,5.7,10,
777574179_31122021.pdf,,2021-12-31,Maison Familiale D'Education Et D'Orientation De Kerozar,MORLAIX,1086102,16191,19614,-573781,71386,1132964,57,true,excedent,35,D,15.7,0,2.6,6.5,10,
777574179_31122022.pdf,,2022-12-31,Maison Familiale D'Education Et D'Orientation De Kerozar,Morlaix,1009192,-99540,-106717,-402219,32165,1026473,56,true,deficit,28,D,10.1,0,1.3,6.6,10,
777752023_31122013.pdf,,2013-12-31,LOISIRS ET CULTURES - LES BRUYERES,BREAL SOUS MONTFORT,659242,-63432,-64470,407292,40722,800533,39,false,deficit,38,D,10.2,15.9,2.5,9.2,0,
778176792_31122012.pdf,,2013-12-31,MJC,,300065,0,0,,,,73,false,excedent,19,E,15.0,0,0.0,4.1,0,
778176792_31122013.pdf,,2013-12-31,MJC,,325047,24146,24146,,,,68,false,excedent,24,D,18.7,0,0.0,4.8,0,
778176792_31122014.pdf,,2015-12-31,MJC,,,,-17604,,,,,false,deficit,8,E,0,0,0,7.5,0,
778176792_31122015.pdf,,2015-12-31,MJC,,357076,-27651,-27457,95022,101305,110820,61,false,deficit,53,C,11.1,25,11.3,5.9,0,
778176792_31122016.pdf,,2016-12-31,MJC,,322143,,12799,,,,58,false,excedent,21,D,15.0,0,0.0,6.3,0,
778176792_31122017.pdf,,2017-12-31,MJC,VOUZIERS,296586,-21565,-18969,33173,72528,113640,63,false,deficit,36,D,11.4,9.1,9.8,5.6,0,
778176792_31122018.pdf,,2018-12-31,MJC,,290870,2853,-3190,,,,62,false,ambigu,21,D,15.5,0,0.0,5.7,0,
778176792_31122020.pdf,,2020-12-31,Maison des Jeunes et de la Culture Lucie Aubrac,CHATILLON-SUR-SEINE,276749,24785,26054,43064,30816,118918,61,true,excedent,51,C,19.5,11.3,4.5,5.9,10,
778176792_31122021.pdf,,2021-12-31,Maison des Jeunes et de la Culture Lucie Aubrac,CHATILLON-SUR-SEINE,217863,25007,25007,44850,59940,102994,74,true,excedent,59,C,20.7,13.6,11.0,3.9,10,
779221985_31122006.pdf,,2006-12-31,AIDE A DOMICILE AUX MERES ET AUX FAMILLES DU PUY-DE-DOME,CLERMONT FERRAND,,,,,,,,false,,8,E,0,0,0,7.5,0,
779221985_31122007.pdf,,2007-12-31,AIDE A DOMICILE AUX MERES ET AUX FAMILLES DU PUY-DE-DOME,CLERMONT FERRAND,,,,,,,,true,,18,E,0,0,0,7.5,10,
779221985_31122008.pdf,,2008-12-31,AIDE A DOMICILE AUX MERES ET AUX FAMILLES DU PUY-DE-DOME,CLERMONT FERRAND,,,,,,,,true,,18,E,0,0,0,7.5,10,
779639202_31122007.pdf,,2007-12-31,ADPAH,VIENNE CEDEX,5868923,5703811,5868923,837679,820147,1407806,0,false,excedent,69,B,30,18.6,5.6,15.0,0,
779639202_31122008.pdf,424383277,2008-12-31,ADPAH,VIENNE CEDEX,1278090,-6450,-6450,28893,110202,1289394,0,false,deficit,34,D,14.7,0.7,3.4,15.0,0,
779639202_31122009.pdf,,2009-12-31,ADPAH,VIENNE,6147515,-460443,-460443,-494910,163618,1006049,5,false,deficit,27,D,11.3,0,1.1,14.3,0,
779639202_31122011.pdf,,2011-12-31,ADPAH,,6417885,-394054,-394054,237679,101208,672971,5,false,deficit,38,D,11.9,11.0,0.6,14.3,0,
791079858_31122018.pdf,,2018-12-31,ASSOCIATION AMAPA,,91138190,110211,248413,4331745,16532598,40106631,0,false,excedent,41,C,15.1,3.4,7.3,15.0,0,
791079858_31122019.pdf,,2019-12-31,ASSOCIATION AMAPA,,99969891,1796073,457733,4789478,12190234,46312489,0,false,excedent,39,D,15.9,3.2,4.9,15.0,0,
791079858_31122020.pdf,,2020-12-31,ASSOCIATION AMAPA,,111021597,1866464,317584,40762619,74707192,151246521,2,false,excedent,59,C,15.8,8.4,20,14.7,0,
791079858_31122021.pdf,,2021-12-31,ASSOCIATION AMAPA,,120254991,-2352416,-5137826,35740007,14764737,101275816,1,false,deficit,45,C,14.0,11.0,4.9,14.9,0,
804006609_31122016.pdf,,2016-12-31,IMVEC,Saint-André,250655,,1795,,,,87,false,excedent,17,E,15.0,0,0.0,2.0,0,
804006609_31122017.pdf,,2017-12-31,ASSO IMVEC,ST ANDRE,358537,9,1984,18446,24854,107280,87,false,excedent,25,D,15.0,5.4,2.8,2.0,0,
804006609_31122018.pdf,,2018-12-31,ASSO° I.M.V.E.C.,ST ANDRE,402899,13664,1514,14624,29402,177325,94,false,excedent,23,D,16.7,2.6,2.9,0.9,0,
804006609_31122019.pdf,,2019-12-31,ASSO° I.M.V.E.C.,ST ANDRE,409220,20940,16347,26315,18599,113031,63,true,excedent,42,C,17.6,7.3,1.8,5.6,10,
804006609_31122020.pdf,,2020-12-31,ASSO° I.M.V.E.C.,ST ANDRE,341359,-89716,-89931,-37578,5130,150999,82,false,deficit,5,E,1.9,0,0.6,2.7,0,
807681044_31122019.pdf,,2019-12-31,ANNOU SOTI,SAINT-CLAUDE,302942,15752,17933,37366,177529,187323,95,true,excedent,55,C,17.6,6.2,20,0.8,10,
807862446_31122014.pdf,,2014-12-31,ASSOCIATION MAYOTTE ILE PROPRE,PASSAMAINTY,220000,219999,219999,219999,80099,220099,100,false,excedent,70,B,30,25,14.6,0.0,0,
807862446_31122015.pdf,,2015-12-31,MAYOTTE ILE PROPRE,PASSAMAINTY,-34858,-218414,-218545,1454,329,101915,186,false,deficit,0,E,0,0.4,0,0,0,
807862446_31122017.pdf,,2017-12-31,MAYOTTE ILE PROPRE,PASSAMAINTY,262460,48154,8916,78830,47874,164840,100,false,excedent,46,C,24.2,14.9,7.3,0.0,0,
810505180_31122017.pdf,,2017-12-31,ASSOCIATION FOOD2RUE,PARIS,475027,33177,13178,334659,193344,481098,51,false,excedent,64,B,18.5,21.7,16.3,7.4,0,
810505180_31122018.pdf,,2018-12-31,FOOD DE RUE,PARIS,588700,90474,63184,234658,193544,438262,42,true,excedent,71,B,22.7,16.7,13.2,8.7,10,
810505180_31122019.pdf,810505180,2019-12-31,FOOD2RUE,PARIS,854966,-39896,-10363,231786,100460,405056,36,true,deficit,55,C,12.7,17.9,4.7,9.6,10,
810505180_31122020.pdf,,2020-12-31,Food de Rue,PARIS,981252,-17106,12690,213476,100470,374563,30,true,ambigu,57,C,14.1,17.8,4.1,10.5,10,
810505180_31122021.pdf,810505180,2021-12-31,Food de Rue,Paris,867208,-238474,-221818,129257,221565,587924,38,false,deficit,28,D,1.3,6.9,10.2,9.3,0,
811531755_31122018.pdf,,2018-12-31,Openimes Métropole Association de Loi 1901,Nîmes,850755,3533,3533,216690,190306,587561,98,true,excedent,46,C,15.2,11.5,8.9,0.3,10,
811697630_31122019.pdf,81169763000044,2019-12-31,ASSOCIATION BLEU BLANC ZEBRE,PARIS,498446,-32397,-32397,16593,15479,171052,89,true,deficit,28,D,11.8,3.0,1.2,1.7,10,
811697630_31122020.pdf,811697630,2020-12-31,ASSOCIATION BLEU BLANC ZEBRE,PARIS,726250,136028,136028,152621,128104,795478,37,true,excedent,57,C,24.4,6.0,7.1,9.5,10,
813151172_31122015.pdf,,2015-12-31,Ecole Dynamique,,36311,10976,10976,90153,74720,141100,0,false,excedent,85,A,30,20.0,20,15.0,0,
829961424_31122020.pdf,,2020-12-31,Association ATELIERS MECA SUD VENDEE,FONTENAY LE COMTE,313234,29027,4920,58364,52532,229675,41,true,excedent,53,C,19.6,7.9,6.7,8.9,10,
829961424_31122021.pdf,,2021-12-31,Association ATELIERS MECA SUD VENDEE,FONTENAY LE COMTE,384480,-36775,-19343,34603,123971,291085,39,true,deficit,46,C,10.2,3.7,12.9,9.2,10,
884682246_31122020.pdf,,2020-12-31,ASSOCIATION DE CHARITE ET DE SOLIDARITE ET DH,AVIGNON,15100,-230,-230,-230,5461,5461,24,false,deficit,40,C,14.2,0,14.5,11.4,0,
950382796_31122008.pdf,,2008-12-31,Association Centre André Malraux,Hazebrouck,859014,31666,32642,4814,39062,79608,58,true,excedent,37,D,16.8,1.9,1.8,6.3,10,
950382796_31122010.pdf,95038279600015,2010-12-31,Association Centre Culturel André Malraux,Hazebrouck,585843,20898,17713,50027,87645,139737,78,true,excedent,47,C,16.8,11.2,6.0,3.3,10,
950382796_31122020.pdf,,2020-12-31,Association CENTRE ANDRE MALRAUX,Hazebrouck,560239,168971,153735,159834,204189,344848,96,false,excedent,60,B,30,14.5,14.6,0.6,0,
950382796_31122021.pdf,95038279600023,2021-12-31,Association CENTRE ANDRE MALRAUX,HAZEBROUCK,658253,-44074,-42507,105471,138198,295330,94,false,deficit,32,D,11.7,11.2,8.4,0.9,0,
950382796_31122022.pdf,95038279600023,2022-12-31,Association CENTRE ANDRE MALRAUX,HAZEBROUCK,675128,-172246,-169158,-63687,41117,143741,85,true,deficit,17,E,2.2,0,2.4,2.3,10,
