fichier,siren,cloture,nom,total_produits,resultat_exploitation,resultat_net,fonds_propres,tresorerie,total_bilan,subv_pct,ratio_rentabilite,ratio_solidite,ratio_liquidite,ratio_resultat_net,cac_certifie,effectif_estime,ape_section,departement,label
306330564_31122021.pdf,306330564,2021-12-31,Institut National des Métiers d'Art (INMA),3428067.0,318785.0,276761.0,157327.0,642088.0,1192800.0,58.0,0.09299263987547501,0.1318972166331321,0.18730322365344668,0.08073383629899883,1,34.0,94,75,1
306330564_31122022.pdf,306330564,2022-12-31,Association INMA,3193514.0,2146.0,12364.0,169691.0,418804.0,967808.0,49.0,0.0006719870337189691,0.17533539710355772,0.13114205855994368,0.00387159724366325,0,34.0,94,75,1
306330564_31122023.pdf,306330564,2023-12-31,Institut pour les savoir-faire français (ISFF),3087448.0,-25787.0,-25719.0,143972.0,543132.0,1107737.0,57.0,-0.008352205446051237,0.12996947831479855,0.17591616117907086,-0.008330180783611578,1,34.0,94,75,1
307548164_31122023.pdf,307548164,2023-12-31,SOLIHA ALPES-MARITIMES,3621347.0,233814.0,250376.0,967579.0,1347574.0,2518623.0,3.0,0.06456547798374472,0.3841698420128777,0.3721195455724072,0.0691389143321532,1,34.0,88,06,1
311441612_31122022.pdf,311441612,2022-12-31,A.A.P.I.Q. - Association d'Animation Populaire Inter Quartiers,1429235.0,-38759.0,-62881.0,69394.0,83366.0,341547.0,86.0,-0.027118703362288218,0.20317555124184958,0.05832910613020252,-0.04399626373549486,1,34.0,88,17,1
313988099_31122020.pdf,313988099,2020-12-31,ADAPEI - Association Départementale des Amis et Parents de Personnes Handicapées Mentales de la Martinique,34937739.0,2101295.0,2111721.0,27681012.0,18813196.0,40717167.0,78.0,0.06014398928333628,0.6798363943149581,0.5384777761377174,0.06044240584658326,1,749.0,88,972,1
314841479_31122021.pdf,314841479,2021-12-31,Association MJC Mont Mesly - Madeleine Reberioux,1253827.0,54765.0,-35991.0,250923.0,43366.0,244656.0,72.0,0.04367827459450147,1.0256155581714734,0.034586908720262044,-0.028704917026033096,1,74.0,90,94,1
314900655_31122020.pdf,314900655,2020-12-31,ASSOCIATION ESPACES MJC EVIAN,1873833.0,-330360.0,-252945.0,-297942.0,566502.0,1478177.0,32.0,-0.17630173019687453,-0.20156043559059572,0.3023225655648075,-0.13498801654149542,1,74.0,90,74,1
324896448_31122023.pdf,324896448,2023-12-31,Association Départementale Voyageur-Gadjé (A.D.V.O.G.),331034.0,-14470.0,-20824.0,80069.0,136004.0,172390.0,94.0,-0.04371152207930303,0.46446429607285805,0.4108460158171064,-0.06290592507114073,1,7.5,94,95,1
324896448_31122024.pdf,324896448,2024-12-31,Association Départementale Voyageur - Gadjé (ADVOG),290746.0,-47008.0,-54164.0,25905.0,75772.0,121000.0,95.0,-0.161680642210039,0.21409090909090908,0.2606123558019715,-0.18629319061999133,1,7.5,94,95,1
331118968_31122022.pdf,331118968,2022-12-31,Association MAISON DE L'AMITIE,2605947.0,-317132.0,-284223.0,197098.0,677097.0,3146545.0,87.0,-0.12169549112088619,0.06263949824331132,0.25982761736904086,-0.10906706851674267,1,34.0,88,81,1
331118968_31122023.pdf,331118968,2023-12-31,Maison de l'Amitié Association,2830713.0,-646036.0,-634192.0,-190731.0,370654.0,2700169.0,90.0,-0.22822377259722199,-0.07063668977756578,0.1309401553601513,-0.224039667744487,0,34.0,88,81,1
334820230_31122021.pdf,334820230,2021-12-31,GREP - Groupe pour l'Emploi des Probationnaires,956644.0,-47817.0,15131.0,560924.0,48713.0,1028899.0,40.0,-0.04998411112179661,0.5451691565450059,0.05092071867904884,0.015816751058910106,1,14.0,88,69,1
334820230_31122022.pdf,334820230,2022-12-31,GREP - Groupe pour l'Emploi des Probationnaires,808449.0,-148758.0,-159986.0,400938.0,30224.0,1092736.0,37.0,-0.18400418579279584,0.36691204462926086,0.037385165916464735,-0.19789250775249892,1,14.0,88,69,1
335322483_31122022.pdf,335322483,2022-12-31,Association Les Musiciens du Louvre,2336099.0,-149483.0,-129933.0,289207.0,541133.0,638670.0,19.0,-0.06398829844111915,0.4528269685440055,0.23163958376764,-0.05561964625643006,1,7.5,90,38,1
339038721_31122021.pdf,339038721,2021-12-31,ASSOCIATION TUTELAIRE LA CROIX MARINE,3194633.0,-37090.0,-41083.0,618847.0,1056704.0,1361817.0,82.0,-0.011610097310082253,0.45442743041098765,0.3307747713117594,-0.012860006141550532,0,74.0,88,974,1
339038721_31122022.pdf,339038721,2022-12-31,CROIX MARINE DE LA REUNION,3334271.0,-20061.0,-19976.0,709681.0,1010286.0,1617629.0,94.0,-0.006016607528302288,0.43871678858378527,0.3030005659408008,-0.005991114699435049,0,74.0,88,974,1
340223338_31122022.pdf,340223338,2022-12-31,ASSOCIATION CRECHE ST JACQUES,292917.0,-56775.0,-55048.0,-42888.0,62538.0,63543.0,8.0,-0.1938262374665861,-0.6749445257542137,0.21350075277296982,-0.187930369353776,0,7.5,88,83,1
340223338_31122023.pdf,340223338,2023-12-31,ASSOCIATION CRECHE ST JACQUES,321576.0,-14764.0,-13333.0,-56222.0,56532.0,59057.0,18.0,-0.04591138642187228,-0.9519955297424522,0.17579670124636168,-0.04146142746971167,0,7.5,88,83,1
343873295_31122023.pdf,343873295,2023-12-31,INST TECHNI DEVELOP PRODUITS MER,1891248.0,-198815.0,-64242.0,905539.0,2643.0,1964790.0,18.0,-0.10512370667411149,0.46088335140142206,0.001397489911423568,-0.03396804649628182,0,14.0,71,56,1
347758591_31122022.pdf,347758591,2022-12-31,ASSOCIATION RADIO VASSIVIERE,249325.0,-2527.0,5120.0,94712.0,120463.0,229887.0,96.0,-0.010135365486814398,0.4119937186530774,0.48315652261104985,0.02053544570339918,0,7.5,60,23,1
347820524_31122021.pdf,347820524,2021-12-31,ASSOCIATION SERVIR,3628654.0,-1846681.0,-1846681.0,-938323.0,55741.0,2764905.0,54.0,-0.5089162537954844,-0.3393689837444686,0.015361343352107973,-0.5089162537954844,0,34.0,87,90,1
351303474_31122022.pdf,351303474,2022-12-31,Association MJC CS LA FABRIQUE,1189287.0,-214585.0,-128175.0,-84176.0,16434.0,373676.0,41.0,-0.1804316367706029,-0.22526466778706686,0.013818363439607092,-0.10777465826163071,0,34.0,90,59,1
354060600_31122021.pdf,354060600,2021-12-31,ACADEL,1589223.0,-37432.0,-41873.0,226230.0,551988.0,981955.0,81.0,-0.023553648543974005,0.23038733954203605,0.3473319980896325,-0.026348095893401997,0,34.0,88,13,1
354060600_31122022.pdf,354060600,2022-12-31,ACADEL,1652458.0,-134031.0,-35455.0,238903.0,206232.0,829354.0,75.0,-0.08111007965104106,0.28805914000535354,0.12480317200195103,-0.021455915974868952,0,34.0,88,13,1
378354104_31122021.pdf,378354104,2021-12-31,TRICOT COUTURE SERVICE,697861.0,-71017.0,-47097.0,34572.0,55222.0,187237.0,80.0,-0.10176381829619366,0.1846429925709128,0.07913037123438622,-0.06748765155238651,0,74.0,95,54,1
378354104_31122022.pdf,378354104,2022-12-31,TRICOT COUTURE SERVICE,841227.0,-18698.0,-13156.0,21416.0,83032.0,231887.0,74.0,-0.022227056430666157,0.09235532824177294,0.09870344152054084,-0.015639060562725637,1,74.0,95,54,1
378354104_31122023.pdf,378354104,2023-12-31,TRICOT COUTURE SERVICE,1069045.0,-61482.0,-54035.0,46948.0,30807.0,256458.0,79.0,-0.057511143123067786,0.18306311364823868,0.028817308906547434,-0.05054511269404001,0,74.0,95,54,1
380134205_31122022.pdf,380134205,2022-12-31,ASSOCIATION FORUM NICE NORD,709054.0,-27754.0,-27754.0,148868.0,256155.0,287465.0,73.0,-0.039142293816832006,0.5178647835388656,0.3612630349733589,-0.039142293816832006,1,7.5,94,06,1
380134205_31122023.pdf,380134205,2023-12-31,ASSOCIATION FORUM NICE NORD,382493.0,-87284.0,-78877.0,69992.0,159082.0,214110.0,50.0,-0.22819764021825237,0.32689738919247113,0.415908264987856,-0.20621815301195054,0,7.5,94,06,1
383899903_30062021.pdf,383899903,2021-06-30,AMIENS PICARDIE HANDBALL,325780.0,42376.0,33323.0,-89811.0,99543.0,226685.0,68.0,0.13007551108109766,-0.39619295498158236,0.30555282706120696,0.10228681932592547,1,7.5,93,80,1
384175121_31122021.pdf,384175121,2021-12-31,IDé - Entreprise d'insertion,1148095.0,-5529.0,-735.0,-137070.0,193.0,685361.0,41.0,-0.004815803570262043,-0.19999679001285453,0.000168104555807664,-0.0006401909249670105,0,34.0,94,90,1
384175121_31122022.pdf,384175121,2022-12-31,Association IDé,1346365.0,-12772.0,-14545.0,-125606.0,110117.0,786409.0,38.0,-0.009486283437255128,-0.1597209594498537,0.08178837090982015,-0.01080316258963951,1,34.0,94,90,1
384175121_31122023.pdf,384175121,2023-12-31,Association IDé,1367856.0,-44778.0,-12906.0,-139554.0,116599.0,745713.0,35.0,-0.03273590202477454,-0.18714170196845167,0.0852421599934496,-0.009435203705653226,1,34.0,94,90,1
387671175_31122021.pdf,387671175,2021-12-31,Association de Formation et d'Insertion Gardoise Sud,1477724.0,189321.0,181935.0,543002.0,415587.0,1248294.0,22.0,0.12811661717614387,0.43499528156027345,0.28123452011336353,0.12311839017299576,1,34.0,85,30,1
387671175_31122023.pdf,387671175,2023-12-31,ASSOCIATION DE FORMATION ET D'INSERTION GARDOISE - SUD,1031615.0,-266865.0,-283681.0,342681.0,102108.0,898838.0,38.0,-0.25868662243181806,0.38124890135931055,0.09897878569039807,-0.2749872772303621,1,34.0,85,30,1
389747817_31122021.pdf,389747817,2021-12-31,TRANS-FORME,646806.0,-24374.0,-24166.0,-149919.0,14140.0,572226.0,33.0,-0.03768363311410222,-0.2619926392718961,0.021861269066768087,-0.037362052918494884,0,7.5,93,75,1
389747817_31122022.pdf,389747817,2022-12-31,TRANS-FORME,602278.0,-185857.0,-188291.0,-338210.0,15510.0,523240.0,16.0,-0.30859005309840304,-0.6463764238208088,0.02575222737672636,-0.31263137620832904,0,7.5,93,75,1
390695039_31122021.pdf,390695039,2021-12-31,REAGIR,1046761.0,9296.0,10101.0,167297.0,130413.0,496930.0,66.0,0.008880728265573517,0.33666109914877346,0.12458717892623053,0.009649767234354355,1,34.0,88,62,1
390695039_31122022.pdf,390695039,2022-12-31,Association RéAgir,,,-84908.0,33823.0,,,,,,,,1,34.0,88,62,1
391480142_31122020.pdf,391480142,2020-12-31,ASS LES PIT'CHOUNS,250784.0,-6530.0,-7063.0,67308.0,105825.0,123239.0,75.0,-0.026038343753987496,0.5461582778178986,0.42197668112798264,-0.028163678703585555,1,7.5,88,61,1
391480142_31122021.pdf,391480142,2021-12-31,ASS LES PIT'CHOUNS,259030.0,-25763.0,-20596.0,53960.0,50805.0,105533.0,74.0,-0.09945952206308149,0.5113092587152833,0.1961355827510327,-0.07951202563409644,1,7.5,88,61,1
391777356_30062021.pdf,391777356,2021-06-30,ASSOCIATION TOULOUSE XIII,377627.0,96636.0,73847.0,148901.0,158577.0,274304.0,72.0,0.2559033119983476,0.5428320403639757,0.4199302486315862,0.1955554025533132,1,14.0,93,31,1
391777356_30062022.pdf,391777356,2022-06-30,ASSOCIATION TOULOUSE XIII,457906.0,23668.0,-2868.0,138122.0,34644.0,175642.0,73.0,0.051687464239385375,0.7863836667767391,0.07565744934549885,-0.006263294213222801,1,14.0,93,31,1
398694570_31122022.pdf,398694570,2022-12-31,VIES - VEXIN INSERTION EMPLOI SOLIDARITE,1124141.0,2995.0,15080.0,562248.0,505632.0,720585.0,15.0,0.002664256530097203,0.7802660338474989,0.44979410945779935,0.013414687303461043,1,149.0,94,95,1
398694570_31122023.pdf,398694570,2023-12-31,VIES - VEXIN INSERTION EMPLOI SOLIDARITE,1794363.0,80605.0,112338.0,1123688.0,1053285.0,1308077.0,10.0,0.044921233886342955,0.85903811472872,0.5869966110536162,0.06260606131535258,1,149.0,94,95,1
402283543_31122022.pdf,402283543,2022-12-31,Association CLAP SUD OUEST,1988612.0,6105.0,2601.0,86613.0,209300.0,954468.0,97.0,0.0030699804687892864,0.09074479186311118,0.10524928945415195,0.0013079474527962216,1,34.0,85,33,1
402283543_31122023.pdf,402283543,2023-12-31,CLAP SUD OUEST,1930073.0,-11570.0,-48971.0,37642.0,2364.0,624713.0,84.0,-0.0059945919143990925,0.06025486903586127,0.001224824138776098,-0.02537261543993414,1,34.0,85,33,1
402283543_31122024.pdf,402283543,2024-12-31,Association Comité de Liaison des Acteurs de la Promotion Sud-Ouest,1312709.0,-395332.0,-400875.0,-363233.0,149548.0,642775.0,92.0,-0.3011573776061564,-0.5651013185018086,0.11392319242116875,-0.3053799433080751,1,34.0,85,33,1
404149932_31122022.pdf,404149932,2022-12-31,Association Centre Social Promesses,501151.0,7157.0,1385.0,234740.0,215103.0,389497.0,91.0,0.014281124850593933,0.602674731769436,0.4292179403014261,0.002763638105082101,1,34.0,88,59,1
404862294_31122022.pdf,404862294,2022-12-31,Association FACE METROPOLE EUROPEENNE DE LILLE,930967.0,72596.0,12955.0,-62386.0,210546.0,398446.0,71.0,0.07797913352460399,-0.156573287220853,0.22615839229532303,0.013915638255706164,0,34.0,88,59,1
404862294_31122023.pdf,404862294,2023-12-31,Association FACE METROPOLE EUROPEENNE DE LILLE,900676.0,-47736.0,-51772.0,-123988.0,108655.0,322363.0,83.0,-0.05300019096767317,-0.38462230466896014,0.12063716586208581,-0.05748126962414897,0,34.0,88,59,1
404862294_31122024.pdf,404862294,2024-12-31,Association FACE MEL,1075459.0,-53570.0,-102603.0,-227352.0,72123.0,310275.0,68.0,-0.04981128987715943,-0.732743533961808,0.06706252865055758,-0.09540391590939311,0,34.0,88,59,1
412542326_31122022.pdf,412542326,2022-12-31,AAPPUI,2917859.0,-130114.0,-299643.0,-1236904.0,6565.0,402249.0,0.0,-0.044592284959622794,-3.0749709756891876,0.002249937368460916,-0.10269276205601435,0,74.0,88,38,1
418355079_31122024.pdf,418355079,2024-12-31,Association Le Maillon,953499.0,-37372.0,37336.0,120464.0,15554.0,264146.0,71.0,-0.03919458751398795,0.4560508203796385,0.016312549882065947,0.03915683183726464,1,34.0,88,13,1
420609182_31122022.pdf,420609182,2022-12-31,ASSOCIATION ADAM,1754346.0,299617.0,29979.0,580872.0,426469.0,814358.0,71.0,0.1707855804955237,0.7132882589720982,0.24309286765552518,0.017088419274191066,1,34.0,93,06,1
420609182_31122023.pdf,420609182,2023-12-31,Association ADAM,1536162.0,32328.0,25241.0,520789.0,428145.0,725229.0,71.0,0.021044655446495877,0.7181028337256232,0.2787108390911896,0.01643120972918221,1,34.0,93,06,1
420609182_31122024.pdf,420609182,2024-12-31,Association ADAM,1265738.0,-166853.0,1081.0,314352.0,211860.0,501753.0,62.0,-0.13182269948441147,0.626507464828312,0.16738061115333505,0.0008540472040817294,1,34.0,93,06,1
421376468_31122022.pdf,421376468,2022-12-31,ASSOCIATION PRACTHIS,558752.0,11405.0,9471.0,476809.0,92752.0,439678.0,17.0,0.02041156004810721,1.0844504387301617,0.16599851096729856,0.016950274898344882,1,7.5,94,75,1
421376468_31122023.pdf,421376468,2023-12-31,ASSOCIATION PRACTHIS,598360.0,17061.0,18195.0,302316.0,110409.0,409848.0,21.0,0.028512935356641487,0.7376295602272062,0.18451935289792099,0.03040811551574303,1,7.5,94,75,1
421376468_31122024.pdf,421376468,2024-12-31,ASSOCIATION PRACTHIS,591741.0,0.0,-6938.0,0.0,123414.0,385967.0,15.0,0.0,0.0,0.208560839962078,-0.011724724161415213,1,7.5,94,75,1
423855535_31122022.pdf,423855535,2022-12-31,Association MAISONS DE MODE,705823.0,-116163.0,-118546.0,-32022.0,9310.0,214294.0,87.0,-0.16457808827425574,-0.1494302220314148,0.01319027574901923,-0.16795428882311855,0,7.5,85,59,1
433580198_31122020.pdf,433580198,2020-12-31,ASSOCIATION OBJECTIF EMPLOI,400589.0,49925.0,50324.0,-20431.0,80197.0,219757.0,95.0,0.1246289838213231,-0.09297087237266617,0.2001977088736835,0.12562501716222862,1,14.0,88,59,1
434537635_31122021.pdf,434537635,2021-12-31,Association EPONA,2397317.0,-35340.0,-25675.0,134060.0,156087.0,658502.0,92.0,-0.01474147974589927,0.2035832844850889,0.06510903647702827,-0.010709889430559246,1,34.0,87,90,1
434537635_31122022.pdf,434537635,2022-12-31,Association EPONA,2244130.0,-181479.0,-196426.0,-107066.0,4920.0,487640.0,94.0,-0.08086830976815068,-0.2195595111147568,0.0021923863590790193,-0.0875287973513121,1,34.0,87,90,1
434537635_31122023.pdf,434537635,2023-12-31,Association EPONA,3163832.0,114930.0,106546.0,-41355.0,62556.0,549464.0,93.0,0.03632620189694016,-0.07526425753097564,0.019772225579613584,0.03367625082494899,1,34.0,87,90,1
439887662_31122021.pdf,439887662,2021-12-31,SAOME,1254213.0,2553.0,11589.0,221986.0,359962.0,489622.0,77.0,0.0020355394179457555,0.4533824052023806,0.28700228749024287,0.009240057310839546,1,14.0,94,974,1
439887662_31122022.pdf,439887662,2022-12-31,SAOME,1270615.0,-1050.0,-400.0,219475.0,308276.0,439086.0,81.0,-0.0008263714815266623,0.49984513284413534,0.24261951889439365,-0.0003148081834387285,1,14.0,94,974,1
439887662_31122023.pdf,439887662,2023-12-31,SAOME - Santé Addictions Outre-Mer,1328482.0,-5832.0,-1529.0,408251.0,239511.0,384158.0,82.0,-0.004389972916456527,1.062716382321857,0.18028923237198546,-0.0011509376867733247,1,14.0,94,974,1
440665842_31122022.pdf,440665842,2022-12-31,ASSA SPN ASSO - Réseau des Profess.du Numérique,821061.0,-116598.0,-103209.0,151420.0,42441.0,379924.0,66.0,-0.14200893721660143,0.3985533948895042,0.05169043469364639,-0.12570198803742963,0,14.0,94,86,1
449666148_31122021.pdf,449666148,2021-12-31,LES PETITS DEBROUILLARDS - GRAND EST MAXEVILLE,1378951.0,30314.0,-1644.0,192348.0,870437.0,1238981.0,54.0,0.02198337721935007,0.15524693276168078,0.6312312765283176,-0.0011922106006667388,0,74.0,93,54,1
449666148_31122023.pdf,449666148,2023-12-31,Les Petits Débrouillards du Grand Est,1644636.0,-131872.0,-103996.0,82259.0,332983.0,1188464.0,40.0,-0.0801830921857481,0.0692145491996392,0.2024660776001498,-0.06323344496897794,1,74.0,93,54,1
479605941_31122022.pdf,479605941,2022-12-31,ASSOCIATION JETS D'ENCRE,349846.0,-15207.0,-15207.0,-3120.0,22471.0,76527.0,76.0,-0.04346769721534618,-0.04076992434042887,0.06423111883514461,-0.04346769721534618,1,7.5,94,75,1
484675012_31122023.pdf,484675012,2023-12-31,ASSOC ASALEE,91786254.0,-20117806.0,-14204919.0,-16896039.0,2145.0,16041851.0,91.0,-0.21918103336039838,-1.0532474712550317,2.3369512389077344e-05,-0.1547608534062192,0,1499.0,94,75,1
484675012_31122024.pdf,484675012,2024-12-31,ASSOC ASALEE,76164661.0,-3023833.0,-3022543.0,-2691120.0,4068279.0,12436435.0,98.0,-0.03970125987956541,-0.2163899863586309,0.05341425992823627,-0.039684322890900806,0,1499.0,94,75,1
492989496_31122023.pdf,492989496,2023-12-31,CASE MARMAILLONS,180802.0,-41808.0,-41804.0,18244.0,21805.0,64257.0,80.0,-0.2312363801285384,0.2839223742160387,0.1206015420183405,-0.23121425647946373,1,7.5,88,974,1
502268899_31122022.pdf,502268899,2022-12-31,ENTREPRENDRE AU FEMININ BRETAGNE,563391.0,-22438.0,-19966.0,356784.0,46966.0,469638.0,88.0,-0.03982669229717905,0.7597000242740153,0.08336306401770706,-0.03543897577348591,1,14.0,85,29,1
502268899_31122023.pdf,502268899,2023-12-31,ENTREPRENDRE AU FEMININ BRETAGNE,522030.0,-183864.0,-185183.0,169381.0,281604.0,286608.0,87.0,-0.3522096431239584,0.5909848992351924,0.5394402620539049,-0.3547363178361397,1,14.0,85,29,1
504254376_31122021.pdf,504254376,2021-12-31,ASSOCIATION AIDE AUX VICTIMES DU LOIRET,304498.0,-64890.0,-74529.0,46487.0,114401.0,141536.0,94.0,-0.21310484797929707,0.3284464729821388,0.37570361710093336,-0.24476022831020236,1,14.0,88,45,1
508769874_31122024.pdf,508769874,2024-12-31,ARCA,1098447.0,101595.0,109223.0,578724.0,692610.0,889924.0,41.0,0.09248966950613002,0.6503072172455175,0.6305356562492319,0.09943401911972084,1,14.0,85,37,1
510583594_31122021.pdf,510583594,2021-12-31,LE K'FE QUOI,346600.0,9279.0,8790.0,-15954.0,35312.0,135992.0,85.0,0.02677149451817657,-0.11731572445437967,0.10188113098672821,0.025360646278130408,1,7.5,90,04,1
510583594_31122022.pdf,510583594,2022-12-31,LE K'FE QUOI,393134.0,-15403.0,-11662.0,-27617.0,18311.0,137061.0,76.0,-0.03918002513138014,-0.20149422519899898,0.04657699410379158,-0.029664185748370785,1,7.5,90,04,1
519189492_31122021.pdf,519189492,2021-12-31,Association RESEAU DE SANTE INTERMED,3660194.0,181186.0,171486.0,466207.0,796306.0,1610206.0,81.0,0.04950174772156886,0.2895325194416118,0.21755841357042824,0.046851614969042624,1,74.0,88,69,1
519189492_31122022.pdf,519189492,2022-12-31,RESEAU INTERMED,3412461.0,87563.0,62828.0,495235.0,331271.0,1510163.0,86.0,0.02565978043412071,0.3279347990912239,0.09707686036558366,0.018411345946517776,0,74.0,88,69,1
520293457_31122023.pdf,520293457,2023-12-31,Ligue de l'Enseignement de Saône et Loire,345457.0,,-71463.0,-23688.0,37852.0,112107.0,51.0,,-0.21129813481762957,0.10957080041799704,-0.20686510911632996,1,7.5,94,71,1
775558786_31122021.pdf,775558786,2021-12-31,Association ADRIM,5401417.0,-92233.0,-51552.0,-639115.0,163579.0,734996.0,60.0,-0.017075704393865535,-0.8695489499262581,0.03028446054063221,-0.00954416220780584,0,74.0,87,13,1
775558786_31122022.pdf,775558786,2022-12-31,A.D.R.I.M,5362497.0,111089.0,58600.0,-584395.0,114641.0,612699.0,63.0,0.02071590902521717,-0.9538043966123659,0.021378287018155907,0.010927745041162727,1,74.0,87,13,1
775558786_31122023.pdf,775558786,2023-12-31,Association ADRIM,6427941.0,422154.0,368726.0,-267572.0,593320.0,1297231.0,65.0,0.06567484051269294,-0.20626395761433391,0.0923032740966353,0.057363003176289264,0,74.0,87,13,1
775644677_31082020.pdf,775644677,2020-08-31,ATELIERS D'APPRENTISSAGE DE L'INDUSTRIE,3029768.0,-696263.0,57201.0,7845662.0,1428603.0,9612133.0,46.0,-0.22980736478832703,0.8162248691315445,0.4715222419670417,0.018879663393368735,1,34.0,85,69,1
775644677_31082021.pdf,775644677,2021-08-31,ATELIERS D'APPRENTISSAGE DE L'INDUSTRIE - ASSOCIATION,2902883.0,-1218511.0,-1299492.0,6692683.0,377979.0,9712599.0,53.0,-0.4197589086435795,0.6890723070107188,0.1302081413546464,-0.44765565818532815,1,34.0,85,69,1
775674260_31122023.pdf,775674260,2023-12-31,FEDERATION UNIE DES AUBERGES DE JEUNESSE,33809443.0,-1049181.0,914272.0,49649.0,2881922.0,21166145.0,3.0,-0.031032188255807704,0.0023456798580941403,0.08524015021483791,0.02704191252130359,1,374.0,55,75,1
775674260_31122024.pdf,775674260,2024-12-31,FEDERATION UNIE DES AUBERGES DE JEUNESSE,33436987.0,-463513.0,36019.0,-261086.0,1656462.0,19984508.0,2.0,-0.013862283703971294,-0.013064419699499232,0.04953981050984049,0.001077220265091469,1,374.0,55,75,1
775701808_31122022.pdf,775701808,2022-12-31,Association EMERGENCE-S,19308908.0,-692599.0,-770590.0,5705792.0,5305068.0,13106468.0,80.0,-0.035869402868354855,0.43534169541328754,0.2747471788668733,-0.03990852305060442,1,374.0,87,76,1
775701808_31122023.pdf,775701808,2023-12-31,EMERGENCE-S,22385919.0,-504022.0,-480037.0,6883331.0,2653268.0,11407683.0,77.0,-0.022515135518894714,0.6033943089056735,0.11852397035833105,-0.021443703070666877,0,374.0,87,76,1
776552465_31082022.pdf,776552465,2022-08-31,ASSOCIATION POUR LA GESTION DE L'ECOLE JEANNE D'ARC,1175146.0,-17574.0,5755.0,180445.0,92293.0,903270.0,42.0,-0.014954737538995155,0.19976861846402516,0.07853747534348923,0.00489726382934546,1,34.0,85,73,1
781173174_31122023.pdf,781173174,2023-12-31,Association Départementale des Francas de Charente,514889.0,-32952.0,-32743.0,-51914.0,97563.0,178454.0,45.0,-0.06399825981910665,-0.29090970222018,0.18948355859224028,-0.06359234708840157,1,14.0,94,16,1
781173174_31122024.pdf,781173174,2024-12-31,Association Départementale des Francas de Charente,449824.0,-52314.0,-52121.0,-104834.0,49496.0,80790.0,37.0,-0.11629881909368997,-1.2976110904814953,0.1100341466884826,-0.11586976239595931,1,14.0,94,16,1
782722763_31082024.pdf,782722763,2024-08-31,LVEF ASS.,1263375.0,103050.0,101548.0,138169.0,199562.0,244839.0,0.0,0.08156723063223509,0.564325944804545,0.15795943405560503,0.08037835163747897,0,34.0,88,13,1
784281099_31122022.pdf,784281099,2022-12-31,Association des Surintendantes d'Usines et de Services Sociaux - ETSUP,5389913.0,-611853.0,-719625.0,4710347.0,4521352.0,18152958.0,52.0,-0.11351815882742448,0.2594809617253563,0.8388543562762516,-0.1335132867636268,1,149.0,85,75,1
784281099_31122023.pdf,784281099,2023-12-31,Association des Surintendantes d'Usines et de Services Sociaux (ASUSS) et Ecole supérieure de travail social (ETSUP),4787038.0,-1281101.0,-1338645.0,3426362.0,844294.0,18451510.0,59.0,-0.2676187237285353,0.18569547966534988,0.17637085813816394,-0.2796395182156482,1,149.0,85,75,1
785566720_31122020.pdf,785566720,2020-12-31,SOLIHA Est parisien,7103274.0,-770305.0,-619890.0,558040.0,5724141.0,8597040.0,33.0,-0.10844365570017431,0.06491071345486353,0.8058454453537903,-0.08726820899771007,1,34.0,94,94,1
804560860_31122022.pdf,804560860,2022-12-31,AMUNANTI,95083.0,-636.0,-755.0,22917.0,20245.0,22917.0,79.0,-0.006688892862025809,1.0,0.21291923898068005,-0.007940430991870261,0,7.5,85,75,1
804560860_31122024.pdf,804560860,2024-12-31,AMUNANTI,132962.0,,-1752.0,19505.0,22760.0,40940.0,83.0,,0.47642892037127504,0.17117672718521082,-0.013176697101427475,0,7.5,85,75,1
818007460_31122022.pdf,818007460,2022-12-31,FISPE,138542.0,6058.0,6058.0,29763.0,23508.0,32452.0,96.0,0.04372681208586566,0.9171391593738445,0.1696813962552872,0.04372681208586566,0,7.5,88,75,1
818007460_31122023.pdf,818007460,2023-12-31,FISPE,144512.0,4491.0,991.0,19660.0,20944.0,23862.0,97.0,0.031077003985828168,0.8239041153298131,0.14492914083259523,0.006857562001771479,0,7.5,88,75,1
818007460_31122024.pdf,818007460,2024-12-31,FISPE,183248.0,2367.0,2367.0,22027.0,20720.0,26326.0,92.0,0.012916921330655723,0.8367013598723695,0.11307081114118571,0.012916921330655723,0,7.5,88,75,1
824368989_31122021.pdf,824368989,2021-12-31,Association FASHION GREEN HUB,902346.0,-96686.0,-10540.0,,,,36.0,-0.10714958563566525,,,-0.011680663514882318,0,14.0,94,59,1
824972665_31122022.pdf,824972665,2022-12-31,Association TOUS TES POSSIBLES,1608684.0,860.0,27924.0,67763.0,311500.0,458768.0,25.0,0.0005345984668213272,0.14770646601332263,0.1936365376916784,0.017358287892463655,1,7.5,82,54,1
881201891_31122021.pdf,881201891,2021-12-31,ASSOC LA MORA GUILLAUME LE CONQUERANT,0.0,-16879.0,-16879.0,983121.0,50502.0,1010102.0,0.0,,0.9732888361769405,,,1,7.5,94,14,1
881201891_31122022.pdf,881201891,2022-12-31,ASSOC LA MORA GUILLAUME LE CONQUERANT,33.0,-171435.0,-175207.0,3028127.0,2354131.0,6546671.0,0.0,-5195.0,0.46254455126888155,71337.30303030302,-5309.30303030303,0,7.5,94,14,1
918300492_31122023.pdf,918300492,2023-12-31,AMSL,1206211.0,-320602.0,-326209.0,-326209.0,350211.0,714641.0,11.0,-0.26579263495358607,-0.45646555403342376,0.2903397498447618,-0.27044107540057255,0,34.0,86,45,1
269401154_31122020.pdf,269401154,2020-12-31,CHIC IDEE - FONDS DE DOTATION DU CHIC,52259.0,51822.0,51843.0,178427.0,162043.0,178427.0,0.0,0.9916378040146195,1.0,3.1007673319428233,0.9920396486729559,1,3499.0,86,94.0,0
269401154_31122021.pdf,269401154,2021-12-31,Fonds de dotation CHIC IDEE,2257.0,-4010.0,-3992.0,174435.0,180195.0,180195.0,0.0,-1.7766947275143996,0.9680346291517523,79.83828090385468,-1.7687195392113424,0,3499.0,86,94.0,0
269401154_31122022.pdf,269401154,2022-12-31,Fonds de dotation CHIC IDEE,298356.0,269889.0,269909.0,444344.0,447514.0,448361.0,0.0,0.9045871375135743,0.9910407015775234,1.4999329659869418,0.9046541715266326,0,3499.0,86,94.0,0
269401154_31122023.pdf,269401154,2023-12-31,FONDS DES HOPITAUX CONFLUENCE,155981.0,-128.0,0.0,291860.0,296269.0,297459.0,0.0,-0.0008206127669395631,0.9811772378714377,1.8993915925657612,0.0,1,3499.0,86,94.0,0
300586179_31122023.pdf,300586179,2023-12-31,Association UMANE,104506791.0,754678.0,445027.0,40862701.0,7763420.0,122443430.0,82.0,0.007221329760283233,0.333727183238823,0.07428627293703813,0.004258354847007023,1,1499.0,88,83.0,0
301642062_31122020.pdf,301642062,2020-12-31,VIVRE ENSEMBLE,592213.0,78547.0,34795.0,-70445.0,43835.0,206438.0,77.0,0.13263302224030882,-0.34124046929344404,0.07401897628049367,0.05875419823610762,1,34.0,88,31.0,0
301642062_31122021.pdf,301642062,2021-12-31,VIVRE ENSEMBLE,713283.0,80366.0,51933.0,-11512.0,109726.0,239142.0,74.0,0.112670566941873,-0.04813876274347459,0.15383234985272326,0.07280840844377337,1,34.0,88,31.0,0
301642062_31122022.pdf,301642062,2022-12-31,Association VIVRE ENSEMBLE,658607.0,-5858.0,-13312.0,-31823.0,62371.0,214425.0,1.0,-0.00889453042558005,-0.14841086627025765,0.09470139248444065,-0.020212357293499766,1,34.0,88,31.0,0
306215401_31122020.pdf,306215401,2020-12-31,Association Foyer Familial de Hagetmau,2372189.0,-218713.0,-217605.0,230201.0,305309.0,880113.0,99.0,-0.09219880877957026,0.2615584589706095,0.1287034886343373,-0.09173172963874295,1,74.0,87,40.0,0
306215401_31122021.pdf,306215401,2021-12-31,Association Foyer Familial de Hagetmau,3460614.0,362725.0,373652.0,603854.0,902200.0,1634123.0,99.0,0.10481521487227412,0.36952787519666513,0.26070518121928654,0.10797274703275199,1,74.0,87,40.0,0
306215401_31122022.pdf,306215401,2022-12-31,Association Foyer Familial de Hagetmau,3441959.0,45265.0,163433.0,767288.0,567816.0,1639921.0,93.0,0.01315094107745037,0.467881074759089,0.16496884477705864,0.04748255281367384,1,74.0,87,40.0,0
306215401_31122023.pdf,306215401,2023-12-31,Association Foyer Familial de Hagetmau,3403982.0,-504446.0,-506921.0,260366.0,34932.0,1140280.0,98.0,-0.14819291053830486,0.22833514575367453,0.0102620989182669,-0.1489200001645132,1,74.0,87,40.0,0
306289034_31122021.pdf,306289034,2021-12-31,La Rose des Vents,2491836.0,-25704.0,-11138.0,456638.0,1047789.0,1945394.0,88.0,-0.010315285596644403,0.23472777236899056,0.4204887480556505,-0.004469796567671388,1,34.0,90,59.0,0
306289034_31122022.pdf,306289034,2022-12-31,La Rose des Vents,2900039.0,-30625.0,-12354.0,444284.0,138080.0,1523863.0,85.0,-0.010560202811065645,0.2915511433770621,0.04761315278863491,-0.004259942711115264,1,34.0,90,59.0,0
306289034_31122023.pdf,306289034,2023-12-31,LA ROSE DES VENTS,2765303.0,-13683.0,6014.0,450299.0,429782.0,1601002.0,86.0,-0.0049481015281146404,0.28126073546441543,0.15541949652533557,0.002174806883730282,1,34.0,90,59.0,0
310071477_31122020.pdf,310071477,2020-12-31,Association CEPN ASSOCIATION,1519037.0,-209986.0,23691.0,1417214.0,742279.0,2543067.0,0.0,-0.1382362641594642,0.5572853566186027,0.4886510335166293,0.015596065138637176,0,7.5,74,92.0,0
310071477_31122021.pdf,310071477,2021-12-31,Association CEPN ASSOCIATION,1687654.0,-207157.0,11018.0,1428231.0,980567.0,2492882.0,0.0,-0.12274850176635732,0.5729236281540803,0.5810237169467202,0.006528589390953359,0,7.5,74,92.0,0
310071477_31122022.pdf,310071477,2022-12-31,Association CEPN ASSOCIATION,1446178.0,-263381.0,-16347.0,1411884.0,761362.0,2654128.0,1.0,-0.18212211774760784,0.5319577654129718,0.5264649303197808,-0.011303587801778205,0,7.5,74,92.0,0
310071477_31122023.pdf,310071477,2023-12-31,Association CEPN ASSOCIATION,1420312.0,-258152.0,12887.0,1424771.0,670636.0,2530470.0,1.0,-0.18175724770332152,0.5630459954079677,0.4721751277184168,0.00907335852967517,0,7.5,74,92.0,0
314549056_31122020.pdf,314549056,2020-12-31,FONDATION TOUR DU VALAT,5822707.0,52149.0,54052.0,4760857.0,3568468.0,14804017.0,78.0,0.008956143594379727,0.32159224080869403,0.6128537808960678,0.00928296752695954,0,74.0,72,13.0,0
314549056_31122021.pdf,314549056,2021-12-31,FONDATION TOUR DU VALAT,6002564.0,43049.0,29177.0,9768673.0,6822633.0,19306920.0,29.0,0.007171768597552646,0.5059674458691495,1.136619784478766,0.004860756170196602,0,74.0,72,13.0,0
314549056_31122022.pdf,314549056,2022-12-31,FONDATION TOUR DU VALAT,6734835.0,-267225.0,533478.0,5323512.0,8478040.0,21086079.0,27.0,-0.03967803220123433,0.25246571446497945,1.2588341065519795,0.0792117401539904,0,74.0,72,13.0,0
314549056_31122023.pdf,314549056,2023-12-31,FONDATION TOUR DU VALAT,7223910.0,-191160.0,168976.0,10360402.0,8588897.0,22922387.0,29.0,-0.026462123697554372,0.45197744894543485,1.1889540428936685,0.023391210577097445,1,74.0,72,13.0,0
318948288_31122020.pdf,318948288,2020-12-31,CENTRE SOCIAL ET CULTUREL LA CIGALETTE,473275.0,-6437.0,-732.0,121910.0,157985.0,235023.0,93.0,-0.01360097195076858,0.5187151895771903,0.3338122655961122,-0.0015466694839152712,1,14.0,88,84.0,0
318948288_31122021.pdf,318948288,2021-12-31,CENTRE SOCIAL ET CULTUREL LA CIGALETTE,475755.0,9834.0,10647.0,132557.0,175867.0,235852.0,92.0,0.020670302992086262,0.5620346658073707,0.3696587529295541,0.0223791657470757,1,14.0,88,84.0,0
318948288_31122023.pdf,318948288,2023-12-31,CENTRE SOCIAL ET CULTUREL LA CIGALETTE,523250.0,-16856.0,-13262.0,112905.0,119009.0,216946.0,92.0,-0.032214046822742474,0.5204290468595871,0.22744194935499285,-0.025345437171524127,1,14.0,88,84.0,0
320130792_31122022.pdf,320130792,2022-12-31,ASSOCIATION LES PEP 56,16015826.0,-48641.0,904916.0,7354854.0,3289409.0,15111740.0,68.0,-0.003037058469541315,0.48669802418516994,0.205384911149759,0.05650136308923436,1,374.0,85,56.0,0
320130792_31122023.pdf,320130792,2023-12-31,ASSOCIATION LES PEP 56,14331050.0,-67372.0,-152454.0,2357965.0,3101409.0,14318117.0,75.0,-0.004701120992530205,0.16468401536319335,0.21641184700353427,-0.010638020242759602,1,374.0,85,56.0,0
325080950_30112022.pdf,325080950,2022-11-30,MAISON POUR TOUS,310348.0,-48468.0,12196.0,107119.0,146733.0,181774.0,60.0,-0.15617307023083765,0.5892976993409399,0.4728015002513308,0.039297820511168105,1,1.5,90,90.0,0
328732243_31122020.pdf,328732243,2020-12-31,TRAJET,5549116.0,125129.0,116787.0,1472033.0,2436764.0,4080779.0,42.0,0.022549357411162426,0.3607235285223728,0.4391265203322475,0.02104605490315935,1,224.0,87,44.0,0
328732243_31122021.pdf,328732243,2021-12-31,TRAJET,10431357.0,-81467.0,-88853.0,1533789.0,1295602.0,5973708.0,64.0,-0.0078098180323039465,0.2567566074538628,0.12420263250505184,-0.008517875478712885,1,224.0,87,44.0,0
328732243_31122022.pdf,328732243,2022-12-31,TRAJET,12258895.0,-160584.0,558786.0,2068401.0,1192621.0,5974144.0,62.0,-0.013099386200795423,0.34622550109270883,0.09728617465114107,0.04558208549791804,1,224.0,87,44.0,0
328732243_31122023.pdf,328732243,2023-12-31,Association TRAJET,12453436.0,-267262.0,-216133.0,2884813.0,941335.0,5705173.0,65.0,-0.021460904444363788,0.5056486455362528,0.07558837577034964,-0.017355290539895978,0,224.0,87,44.0,0
332988039_31122020.pdf,332988039,2020-12-31,Ligue de l'enseignement Centre Val de Loire,1003257.0,-22565.0,22565.0,190636.0,191308.0,1463894.0,20.0,-0.02249174438852657,0.13022527587379962,0.19068693266032533,0.02249174438852657,1,34.0,94,45.0,0
332988039_31122021.pdf,332988039,2021-12-31,Ligue de l'Enseignement du Centre Val de Loire,1087418.0,-117377.0,117377.0,290513.0,353274.0,1345124.0,21.0,-0.10794101256370596,0.21597488409990453,0.32487415143026876,0.10794101256370596,1,34.0,94,45.0,0
332988039_31122022.pdf,332988039,2022-12-31,Ligue de l'Enseignement Centre Val de Loire,2141703.0,75648.0,91770.0,412283.0,477198.0,1480066.0,24.0,0.03532142411903051,0.2785571724504178,0.22281240676228217,0.04284907851368747,1,34.0,94,45.0,0
332988039_31122023.pdf,332988039,2023-12-31,LIGUE DE L'ENSEIGNEMENT CENTRE VAL DE LOIRE,2413234.0,5306.0,9729.0,412012.0,525463.0,1953371.0,25.0,0.0021987092838904143,0.2109235777535348,0.21774224961193153,0.004031519529394995,1,34.0,94,45.0,0
334955598_31122020.pdf,334955598,2020-12-31,Association AGAHTIR,10132695.0,674542.0,678611.0,11244293.0,9837707.0,12836413.0,93.0,0.06657083826168655,0.8759684656453481,0.97088750820981,0.0669724096106712,1,34.0,86,6.0,0
334955598_31122021.pdf,334955598,2021-12-31,Association AGAHTIR,10541368.0,631828.0,635274.0,11902040.0,8027761.0,13658176.0,2.0,0.05993795112740585,0.8714223626932323,0.7615483113766638,0.06026485366984627,0,34.0,86,6.0,0
334955598_31122022.pdf,334955598,2022-12-31,Association AGAHTIR,10854607.0,651399.0,580285.0,12459852.0,8905989.0,14192571.0,3.0,0.060011292900793184,0.8779136634229274,0.8204800966078274,0.05345978900940403,0,34.0,86,6.0,0
334955598_31122023.pdf,334955598,2023-12-31,Association AGAHTIR,11386605.0,437892.0,523274.0,12995045.0,9354503.0,14493417.0,3.0,0.03845676564700365,0.8966170641471228,0.8215357430946274,0.045955225460091044,0,34.0,86,6.0,0
338075815_31082022.pdf,338075815,2022-08-31,DYNAMIC SEVRES,,,,,,,,,,,,1,34.0,93,92.0,0
338075815_31082023.pdf,338075815,2023-08-31,DYNAMIC SÈVRES,1231688.0,17496.0,20495.0,312005.0,791531.0,1078642.0,18.0,0.014204896045102331,0.2892572327055687,0.6426392073317269,0.016639765914744642,0,34.0,93,92.0,0
338780059_31122020.pdf,338780059,2020-12-31,Centre Départemental de la Promotion du Cinéma,722698.0,35068.0,36691.0,152121.0,304378.0,472995.0,47.0,0.04852372636979762,0.3216122791995687,0.4211690083548038,0.05076947770714738,1,7.5,94,74.0,0
338780059_31122021.pdf,338780059,2021-12-31,Centre Départemental de la Promotion du Cinéma,784760.0,44101.0,40688.0,185749.0,527971.0,629957.0,52.0,0.056196799021356846,0.29485980789164973,0.6727802130587696,0.05184769865946277,1,7.5,94,74.0,0
338780059_31122022.pdf,338780059,2022-12-31,Centre Départemental de la Promotion du Cinéma,1029255.0,21095.0,43504.0,211861.0,473537.0,667044.0,37.0,0.020495406871960786,0.31761173175982393,0.46007743464933376,0.04226746530257322,1,7.5,94,74.0,0
338780059_31122023.pdf,338780059,2023-12-31,Centre Départemental de la Promotion du Cinéma,1037828.0,-60237.0,-52467.0,166706.0,510386.0,661837.0,33.0,-0.05804140955919478,0.2518837719861537,0.49178283877482587,-0.05055461984066724,1,7.5,94,74.0,0
339401416_31082020.pdf,339401416,2020-08-31,OGEC Nantes Erdre - Ensemble Saint Félix - La Salle à 44 Nantes,9679736.0,-314223.0,111411.0,17182288.0,5026195.0,25489600.0,17.0,-0.032461939044618575,0.674090138723244,0.5192491820024844,0.011509714727757038,1,374.0,85,44.0,0
339401416_31082021.pdf,339401416,2021-08-31,OGEC NANTES ERDRE - ENSEMBLE SAINT FELIX - LA SALLE,11335599.0,-57081.0,1007719.0,10292724.0,0.0,28412784.0,51.0,-0.005035552157411355,0.3622567925761868,0.0,0.08889861047484125,1,374.0,85,44.0,0
339401416_31082022.pdf,339401416,2022-08-31,OGEC NANTES-ERDRE - Ensemble Saint Félix - La Salle,10748113.0,-102824.0,819111.0,11111835.0,3343575.0,31361111.0,57.0,-0.009566702545832929,0.3543189206530343,0.3110848387991455,0.07620974956255112,1,374.0,85,44.0,0
339401416_31082023.pdf,339401416,2023-08-31,OGEC NANTES ERDRE - ENSEMBLE ST FELIX - LA SALLE,13282685.0,-421502.0,1103991.0,12215827.0,6135078.0,30227047.0,27.0,-0.03173319249835406,0.40413564050765527,0.4618853793491301,0.08311504789882468,1,374.0,85,44.0,0
343811279_30042024.pdf,343811279,2024-04-30,Association Les Restaurants du Cœur - Les Relais du Cœur de la Haute-Loire,667645.0,-97456.0,-47093.0,206933.0,54111.0,333698.0,54.0,-0.14596978933415214,0.6201205880766442,0.0810475627017352,-0.07053598843696875,1,14.0,88,43.0,0
345132765_31122020.pdf,345132765,2020-12-31,Association des Personnels du Conseil Départemental des Bouches-du-Rhône - E.S.C.A.P.A.D.E. 13,2995831.0,536811.0,539552.0,1522551.0,1662543.0,3025501.0,96.0,0.1791860088235952,0.5032392982187083,0.5549521985719488,0.18010094694927717,1,,94,13.0,0
345132765_31122021.pdf,345132765,2021-12-31,Association des Personnels du Conseil Départemental des Bouches-du-Rhône - E.S.C.A.P.A.D.E. 13,3140309.0,684237.0,683399.0,2205950.0,1988230.0,3125617.0,90.0,0.2178884307244924,0.7057646538267485,0.6331319624915892,0.21762157800394802,1,,94,13.0,0
345132765_31122022.pdf,345132765,2022-12-31,Association ESCAPADE 13,2737666.0,-352289.0,-350176.0,1855774.0,1981163.0,2845906.0,93.0,-0.12868224246493182,0.652085487011869,0.7236686286785897,-0.127910417121738,0,,94,13.0,0
345132765_31122023.pdf,345132765,2023-12-31,Association ESCAPADE 13,2598805.0,-480828.0,-444331.0,1411443.0,1284535.0,2079237.0,90.0,-0.1850188836792295,0.6788273775428197,0.49427910135620023,-0.17097512125765496,0,,94,13.0,0
345407803_30092020.pdf,345407803,2020-09-30,ASS SOCIETE CONCOURS HIPPIQUES,237545.0,-935.0,1138.0,278019.0,382939.0,437352.0,97.0,-0.003936096318592266,0.6356870438456895,1.612069292134122,0.004790671241238502,0,4.0,93,44.0,0
345407803_30092022.pdf,345407803,2022-09-30,ASSOCIATION SOCIETE CONCOURS HIPPIQUES,2627688.0,-43151.0,-19749.0,331625.0,205017.0,356505.0,20.0,-0.01642166041021613,0.9302113574844673,0.07802181994209358,-0.00751573246138811,0,4.0,93,44.0,0
345407803_30092024.pdf,345407803,2024-09-30,ASS SOCIETE CONCOURS HIPPIQUES,3304735.0,34182.0,33235.0,400174.0,290268.0,445227.0,17.0,0.010343340691462402,0.8988089221902535,0.08783397155899036,0.010056782162563716,0,4.0,93,44.0,0
380253245_31122020.pdf,380253245,2020-12-31,ASSOCIATION ENERGIE,1186708.0,-127311.0,-169049.0,519550.0,431288.0,2137893.0,10.0,-0.10728081381435028,0.24301964597854056,0.363432284942884,-0.14245206065856134,1,74.0,78,93.0,0
380253245_31122022.pdf,380253245,2022-12-31,ASSOCIATION ENERGIE,1231761.0,-123488.0,-68890.0,426517.0,602951.0,1814715.0,12.0,-0.10025321470642438,0.2350324982159733,0.4895032396706829,-0.055928057472188195,1,74.0,78,93.0,0
380307249_31122020.pdf,380307249,2020-12-31,ASSOCIATION ATRE,1313248.0,36667.0,58131.0,357407.0,332629.0,828616.0,56.0,0.02792084967957309,0.43133007327881673,0.2532872694266429,0.04426505884646312,1,74.0,88,61.0,0
380307249_31122021.pdf,380307249,2021-12-31,ASSOCIATION ATRE,1465401.0,31097.0,58163.0,356096.0,533254.0,1090713.0,63.0,0.02122081259668855,0.3264800181165898,0.36389629869230333,0.03969084230186823,1,74.0,88,61.0,0
380307249_31122022.pdf,380307249,2022-12-31,Association ATRE,1734651.0,4242.0,65137.0,421234.0,327814.0,1116443.0,62.0,0.0024454486810315157,0.37730005024887076,0.18897980054777588,0.037550492865711896,1,74.0,88,61.0,0
380307249_31122023.pdf,380307249,2023-12-31,Association ATRE,1675842.0,69423.0,24424.0,445657.0,456395.0,966507.0,60.0,0.04142574299963839,0.4611006438649694,0.272337726348904,0.014574166299686964,1,74.0,88,61.0,0
387944796_31122020.pdf,387944796,2020-12-31,FONDATION BON SAUVEUR DE BEGARD,58932807.0,-320128.0,-402632.0,29844512.0,18945221.0,56061395.0,0.0,-0.005432084713019015,0.5323540736009156,0.3214715531876837,-0.0068320519672514495,1,749.0,86,22.0,0
387944796_31122021.pdf,387944796,2021-12-31,FONDATION BON SAUVEUR,58781283.0,-314343.0,28645.0,11294466.0,20211277.0,56096463.0,102.0,-0.005347671638946704,0.20134007379395738,0.3438386501363027,0.0004873149842612316,1,749.0,86,22.0,0
387944796_31122022.pdf,387944796,2022-12-31,FONDATION BON SAUVEUR DE BEGARD,,,,,,,,,,,,1,749.0,86,22.0,0
387944796_31122023.pdf,387944796,2023-12-31,FONDATION BON SAUVEUR DE BEGARD,64957095.0,138002.0,382983.0,31051632.0,4677548.0,62737462.0,6.0,0.002124510032352894,0.49494561957256095,0.07200980893619088,0.005895937926411272,1,749.0,86,22.0,0
388231144_31122020.pdf,388231144,2020-12-31,UNE AUTRE IMAGE,215965.0,21993.0,21993.0,32880.0,36268.0,48474.0,75.0,0.1018359456393397,0.6783017700210422,0.16793461903549187,0.1018359456393397,0,7.5,85,13.0,0
388231144_31122023.pdf,388231144,2023-12-31,UNE AUTRE IMAGE,444656.0,-11613.0,-4570.0,68704.0,39066.0,114271.0,61.0,-0.026116818394444245,0.6012374093164495,0.08785668022021517,-0.010277607858659278,0,7.5,85,13.0,0
390283349_31122020.pdf,390283349,2020-12-31,MISSION LOCALE CAUX - SEINE - AUSTREBERTHE,1403918.0,7431.0,8266.0,411834.0,908137.0,980166.0,89.0,0.005293044180643029,0.42016760426295136,0.6468590045857379,0.005887808262305918,1,34.0,84,76.0,0
390283349_31122021.pdf,390283349,2021-12-31,MISSION LOCALE CAUX – SEINE - AUSTREBERTHE,1822202.0,188768.0,188876.0,600710.0,1180687.0,1277369.0,87.0,0.1035933447554113,0.47027131549301726,0.6479451784160044,0.10365261370583503,1,34.0,84,76.0,0
390283349_31122022.pdf,390283349,2022-12-31,MISSION LOCALE CAUX - SEINE - AUSTREBERTHE,2148938.0,367425.0,370838.0,971548.0,1488719.0,1634118.0,88.0,0.17097980490828493,0.5945396844046758,0.6927696378397143,0.17256803127870604,1,34.0,84,76.0,0
390283349_31122023.pdf,390283349,2023-12-31,MISSION LOCALE CAUX - SEINE - AUSTREBERTHE,2165888.0,179481.0,181451.0,1152999.0,1592152.0,1881176.0,83.0,0.08286716579989363,0.6129139431929814,0.7351035695289877,0.0837767234501507,1,34.0,84,76.0,0
394900559_31122020.pdf,394900559,2020-12-31,ADIL 79,454429.0,28980.0,25316.0,102035.0,57542.0,319578.0,98.0,0.06377233847311681,0.31928042606186907,0.12662484128433704,0.05570947276692288,1,7.5,94,79.0,0
394900559_31122021.pdf,394900559,2021-12-31,ADIL 79,597188.0,-11091.0,75494.0,177529.0,77165.0,273056.0,62.0,-0.018572040965324152,0.650156011953592,0.1292139158857847,0.1264158020589831,0,7.5,94,79.0,0
394900559_31122022.pdf,394900559,2022-12-31,ADIL 79,350825.0,-823.0,9675.0,187205.0,192859.0,258258.0,94.0,-0.00234589895246918,0.7248758992945039,0.549729922325946,0.02757785220551557,0,7.5,94,79.0,0
394900559_31122023.pdf,394900559,2023-12-31,ADIL 79,369547.0,14894.0,17179.0,204384.0,207568.0,285337.0,98.0,0.040303398485172386,0.7162898607611351,0.561682275867481,0.04648664445929746,0,7.5,94,79.0,0
398041442_31122020.pdf,398041442,2020-12-31,A.P.A.J.H du Val d'Oise,,,,,,,,,,,,0,1499.0,87,95.0,0
398041442_31122021.pdf,398041442,2021-12-31,A.P.A.J.H du Val d'Oise,58593509.0,2074387.0,3016148.0,33109749.0,30511378.0,56336961.0,85.0,0.03540301708163612,0.5877091772841634,0.5207296596624722,0.05147580425674796,1,1499.0,87,95.0,0
398041442_31122022.pdf,398041442,2022-12-31,A.P.A.J.H du Val d'Oise,61880836.0,502416.0,803964.0,2483926.0,16533852.0,58740935.0,76.0,0.008119088759563624,0.042286116147112744,0.2671885686870811,0.01299213216835015,1,1499.0,87,95.0,0
398041442_31122023.pdf,398041442,2023-12-31,Association A.P.A.J.H du Val d'Oise,63951926.0,1619613.0,-1004377.0,2483927.0,9634990.0,57914227.0,88.0,0.025325476514968446,0.04288975487836521,0.15065988786639514,-0.015705187674879408,1,1499.0,87,95.0,0
414322289_31122020.pdf,414322289,2020-12-31,INITIATIVE NICE COTE D'AZUR,879153.0,4911.0,4224.0,7945971.0,2909141.0,8525254.0,79.0,0.005586058399391232,0.9320509394793398,3.3090269839265747,0.00480462445103412,1,14.0,94,6.0,0
414322289_31122021.pdf,414322289,2021-12-31,INITIATIVE NICE COTE D'AZUR,1017075.0,4210.0,12293.0,5908779.0,2176524.0,7180123.0,68.0,0.004139321092348156,0.8229356238047733,2.139983777007595,0.012086620947324435,1,14.0,94,6.0,0
414322289_31122022.pdf,414322289,2022-12-31,INITIATIVE NICE COTE D'AZUR,1432684.0,101425.0,4205.0,5305887.0,2374111.0,6754144.0,63.0,0.0707936990990337,0.7855750484443328,1.6571072197358245,0.002935050576400658,0,14.0,94,6.0,0
414322289_31122023.pdf,414322289,2023-12-31,INITIATIVE NICE COTE D'AZUR,879260.0,-31999.0,-31999.0,5955113.0,1785917.0,5955113.0,89.0,-0.03639310329140413,1.0,2.031159156563474,-0.03639310329140413,1,14.0,94,6.0,0
420303380_31122020.pdf,420303380,2020-12-31,COS Ville de Saintes - CDA de Saintes,299154.0,69.0,200.0,89845.0,75870.0,130599.0,77.0,0.00023065043422451314,0.6879455432277429,0.25361519484947553,0.0006685519832594583,1,1.5,94,17.0,0
420303380_31122021.pdf,420303380,2021-12-31,COS Ville de Saintes - CDA de Saintes,285452.0,213.0,644.0,90489.0,96374.0,115910.0,74.0,0.0007461849978280061,0.7806832887585196,0.3376189341815787,0.002256071073245239,1,1.5,94,17.0,0
420303380_31122022.pdf,420303380,2022-12-31,COS Ville de Saintes - CDA de Saintes,360608.0,397.0,522.0,91011.0,133881.0,162327.0,76.0,0.0011009184488419558,0.5606645844499066,0.3712646419380602,0.0014475552400390452,1,1.5,94,17.0,0
420303380_31122023.pdf,420303380,2023-12-31,COMITE ŒUVRES SOCIALES DE SAINTES,370512.0,4178.0,414.0,91425.0,118917.0,154946.0,70.0,0.01127628794748888,0.5900442734888284,0.32095316750874464,0.0011173727166731442,1,1.5,94,17.0,0
430223321_31122020.pdf,430223321,2020-12-31,Association IPAMAC,1749172.0,54772.0,54772.0,541712.0,1507717.0,1749172.0,3.0,0.031313101284493466,0.3096962448518499,0.86196040183584,0.031313101284493466,1,7.5,94,42.0,0
430223321_31122022.pdf,430223321,2022-12-31,Association IPAMAC,524697.0,-19707.0,-2319.0,1193076.0,17505.0,1362897.0,59.0,-0.03755881966163328,0.8753970402752372,0.03336211184740907,-0.004419693651764733,1,7.5,94,42.0,0
430223321_31122023.pdf,430223321,2023-12-31,Association IPAMAC,2112186.0,7091.0,7091.0,37485.0,217759.0,548099.0,12.0,0.0033571853993919097,0.06839092937589741,0.10309650759923605,0.0033571853993919097,1,7.5,94,42.0,0
433601226_31122020.pdf,433601226,2020-12-31,LES EXPLORATEURS,511729.0,-10672.0,-8372.0,313072.0,333717.0,391107.0,56.0,-0.02085478837431531,0.800476595918764,0.6521361892720561,-0.016360221914333565,1,14.0,88,31.0,0
433601226_31122021.pdf,433601226,2021-12-31,LES EXPLORATEURS,510961.0,6509.0,11621.0,324693.0,326779.0,432455.0,60.0,0.012738741312937778,0.7508133794267612,0.639538046935089,0.02274341877364417,1,14.0,88,31.0,0
433601226_31122022.pdf,433601226,2022-12-31,LES EXPLORATEURS,543620.0,6631.0,10833.0,357518.0,283675.0,436788.0,65.0,0.01219785879842537,0.8185160764489867,0.5218259078032449,0.01992752290202715,1,14.0,88,31.0,0
433601226_31122023.pdf,433601226,2023-12-31,ASSOC LES EXPLORATEURS,591994.0,8270.0,14926.0,369005.0,314420.0,450246.0,69.0,0.013969736179758578,0.8195630832922447,0.5311202478403497,0.025213093375946377,0,14.0,88,31.0,0
433779964_31122021.pdf,433779964,2021-12-31,INITIATIVE CENTRE MANCHE,87949.0,16881.0,9782.0,695349.0,376839.0,825902.0,24.0,0.19194078386337537,0.8419267661296377,4.284744567874563,0.11122355001193873,0,1.5,94,50.0,0
433779964_31122022.pdf,433779964,2022-12-31,INITIATIVE CENTRE MANCHE,79078.0,6288.0,-16776.0,746574.0,520116.0,900206.0,32.0,0.07951642681909002,0.8293368406786891,6.577252838969119,-0.21214497078833558,0,1.5,94,50.0,0
433779964_31122023.pdf,433779964,2023-12-31,INITIATIVE CENTRE MANCHE,94532.0,21015.0,18121.0,828695.0,585477.0,984761.0,21.0,0.22230567426903058,0.8415189066179509,6.19342656454957,0.19169170228070917,0,1.5,94,50.0,0
445043326_31122020.pdf,445043326,2020-12-31,Groupe Hospitalier Diaconesses Croix Saint Simon,139376502.0,231904.0,210376.0,773543.0,1973645.0,96991828.0,0.0,0.0016638672708258956,0.007975342005101709,0.014160529010837135,0.001509407948837746,1,1499.0,86,75.0,0
445043326_31122021.pdf,445043326,2021-12-31,GROUPE HOSPITALIER DIACONESSES CROIX SAINT SIMON,147623866.0,-1061334.0,-2813056.0,6872068.0,1298357.0,99821769.0,3.0,-0.0071894472672867134,0.06884338024504455,0.008795034537301712,-0.019055563820554598,0,1499.0,86,75.0,0
445043326_31122022.pdf,445043326,2022-12-31,Groupe Hospitalier Diaconesses Croix Saint Simon,153082950.0,-4751300.0,-5949306.0,-690074.0,1243384.0,93693951.0,3.0,-0.031037421215099396,-0.007365192657955048,0.008122289255596394,-0.0388632829456187,1,1499.0,86,75.0,0
445043326_31122023.pdf,445043326,2023-12-31,Groupement Hospitalier Diaconesses Croix Saint Simon,163254545.0,-3510499.0,-4769995.0,-5460069.0,3049887.0,90716310.0,16.0,-0.021503223692792138,-0.06018839390623362,0.01868178922675629,-0.029218145197734004,1,1499.0,86,75.0,0
479824765_31122021.pdf,479824765,2021-12-31,ASSOCIATION ADMR LES MAISONNEES,5795.0,,,,1537.0,,0.0,,,0.2652286453839517,,1,149.0,87,37.0,0
479824765_31122022.pdf,479824765,2022-12-31,ADMR LES MAISONNEES,8017257.0,23792.0,37975.0,2047546.0,2028670.0,3934987.0,92.0,0.002967598519044606,0.5203437775016791,0.2530379155863408,0.004736657437824433,0,149.0,87,37.0,0
484529862_31122020.pdf,484529862,2020-12-31,ASSOCIATION CERESA,3221924.0,18716.0,22278.0,1732301.0,1010017.0,3544938.0,90.0,0.005808951421572948,0.4886689132503869,0.3134825650760229,0.006914502018048843,0,74.0,88,31.0,0
484529862_31122021.pdf,484529862,2021-12-31,Association CERESA,3650353.0,121949.0,108603.0,1782184.0,1278793.0,3604778.0,87.0,0.03340745401883051,0.494394939161302,0.35032036627690527,0.029751369251138176,0,74.0,88,31.0,0
484529862_31122022.pdf,484529862,2022-12-31,Association CERESA,4245249.0,122517.0,151833.0,1947488.0,1638147.0,3927814.0,89.0,0.02885979126312732,0.49581981224161836,0.38587771883345356,0.03576539326668471,0,74.0,88,31.0,0
484529862_31122023.pdf,484529862,2023-12-31,ASSOCIATION CERESA,4675601.0,-86367.0,-3305.0,2160723.0,1710819.0,4588671.0,87.0,-0.018471849929025168,0.47088209200441694,0.3659035490838504,-0.0007068610003291556,0,74.0,88,31.0,0
502153778_31082020.pdf,502153778,2020-08-31,FONDATION ECOLE LA MACHE,7413748.0,249320.0,143190.0,13091905.0,3276571.0,15671606.0,27.0,0.03362941389429476,0.8353901316814626,0.4419587771259557,0.019314117501700895,1,149.0,85,69.0,0
502153778_31082021.pdf,502153778,2021-08-31,Fondation La Mache,8427811.0,29311.0,87880.0,8769129.0,1772510.0,16136587.0,27.0,0.0034778900476054816,0.5434314579656776,0.21031677146058447,0.01042738143985431,1,149.0,85,69.0,0
502153778_31082022.pdf,502153778,2022-08-31,FONDATION LA MACHE,9211655.0,199638.0,272994.0,15794788.0,1719916.0,24423842.0,27.0,0.021672327068262977,0.6466954707617254,0.1867108570609733,0.029635716926002982,1,149.0,85,69.0,0
502153778_31082023.pdf,502153778,2023-08-31,FONDATION LA MACHE,9980561.0,26916.0,-74757.0,17222623.0,1587563.0,32200176.0,27.0,0.0026968423919256643,0.5348611448583387,0.15906550743991243,-0.007490260317030275,1,149.0,85,69.0,0
513163261_31122022.pdf,513163261,2022-12-31,Fondation Au Cœur de la Famille,1301341.0,-178753.0,-177735.0,541303.0,2230193.0,2230193.0,0.0,-0.13736061493490176,0.24271576495845876,1.71376526214113,-0.13657834495339807,0,,94,75.0,0
513163261_31122023.pdf,513163261,2023-12-31,Fondation au cœur de la famille,1302695.0,38748.0,40796.0,582099.0,1246961.0,1249628.0,0.0,0.029744491227800828,0.46581782738542993,0.9572163860304983,0.03131661670613613,0,,94,75.0,0
513983866_31122020.pdf,513983866,2020-12-31,Association Projet pour la Conservation des Grands Singes (P.C.G.S.),111524.0,43562.0,41279.0,247517.0,307928.0,533081.0,80.0,0.3906065062228758,0.46431405358660316,2.761091782934615,0.3701355761988451,1,,94,75.0,0
513983866_31122021.pdf,513983866,2021-12-31,Association Projet pour la Conservation des Grands Singes (P.C.G.S.),179672.0,38091.0,34940.0,282457.0,299086.0,526859.0,80.0,0.21200298321385636,0.5361149757335454,1.6646222004541609,0.19446547041275214,1,,94,75.0,0
513983866_31122022.pdf,513983866,2022-12-31,Association Projet pour la Conservation des Grands Singes (P.C.G.S.),257251.0,87330.0,84199.0,366656.0,266547.0,473769.0,81.0,0.33947389903246245,0.7739130251240584,1.0361359139517436,0.32730290649987753,1,,94,75.0,0
513983866_31122023.pdf,513983866,2023-12-31,Association Projet pour la Conservation des Grands Singes (P.C.G.S.),257251.0,87330.0,84199.0,366656.0,266547.0,473769.0,81.0,0.33947389903246245,0.7739130251240584,1.0361359139517436,0.32730290649987753,1,,94,75.0,0
530878537_31122020.pdf,530878537,2020-12-31,FONDS DOTATION RADIO COURTOISIE,1660.0,-65.0,1222.0,1301037.0,805369.0,1304157.0,0.0,-0.0391566265060241,0.9976076499991949,485.16204819277107,0.736144578313253,0,,94,75.0,0
530878537_31122021.pdf,530878537,2021-12-31,FONDS DOTATION RADIO COURTOISIE,1462.0,-6440.0,-5167.0,1287949.0,998858.0,1298052.0,0.0,-4.404924760601915,0.9922167987106834,683.2134062927497,-3.5341997264021887,0,,94,75.0,0
530878537_31122022.pdf,530878537,2022-12-31,FONDS DOTATION RADIO COURTOISIE,3421.0,-3398.0,23.0,1422286.0,829032.0,1433190.0,0.0,-0.9932768196433791,0.9923917973192669,242.33615901783105,0.006723180356620871,0,,94,75.0,0
530878537_31122023.pdf,530878537,2023-12-31,FONDS DOTATION RADIO COURTOISIE,18986.0,-7992.0,0.0,2940060.0,1473046.0,2962906.0,0.0,-0.42094174655008954,0.992289326762307,77.58590540398188,0.0,0,,94,75.0,0
534683602_31122020.pdf,534683602,2020-12-31,RESEAU PERINATAL DU VAL DE MARNE,409051.0,6017.0,6229.0,67418.0,390553.0,443852.0,86.0,0.014709657231005424,0.1518929733334535,0.9547782550342133,0.015227930013616884,1,4.0,94,94.0,0
534683602_31122021.pdf,534683602,2021-12-31,Association RESEAU PERINATAL DU VAL DE MARNE,504859.0,7283.0,7469.0,74886.0,401354.0,448645.0,96.0,0.014425809978627696,0.16691593576212818,0.7949823614118001,0.014794229676008549,0,4.0,94,94.0,0
534683602_31122022.pdf,534683602,2022-12-31,RESEAU PERINATAL DU VAL DE MARNE,505031.0,13242.0,13684.0,88571.0,422283.0,459957.0,84.0,0.026220172623066702,0.19256365268927314,0.8361526322146561,0.02709536642305126,1,4.0,94,94.0,0
534683602_31122023.pdf,534683602,2023-12-31,RESEAU PERINATAL DU VAL DE MARNE,519108.0,5961.0,7203.0,95774.0,399040.0,434417.0,80.0,0.011483159573730322,0.22046558951422252,0.7687032370913182,0.013875725282600152,0,4.0,94,94.0,0
537754871_31122020.pdf,537754871,2020-12-31,MAISON POUR TOUS LA BORDERIE,440029.0,-2291.0,-286.0,96577.0,92879.0,161919.0,66.0,-0.0052064750277822595,0.5964525472612849,0.21107472462042273,-0.0006499571619143284,1,14.0,88,57.0,0
537754871_31122021.pdf,537754871,2021-12-31,MAISON POUR TOUS LA BORDERIE,501583.0,-79897.0,-270.0,105724.0,30527.0,160603.0,59.0,-0.15928968884511635,0.6582940542829212,0.06086131308277992,-0.0005382957556376512,1,14.0,88,57.0,0
537754871_31122022.pdf,537754871,2022-12-31,MAISON POUR TOUS LA BORDERIE,653891.0,-73791.0,-260.0,91835.0,25570.0,169290.0,49.0,-0.11284908340992612,0.5424714986118495,0.039104376723337685,-0.00039761978678403586,1,14.0,88,57.0,0
537754871_31122023.pdf,537754871,2023-12-31,MAISON POUR TOUS LA BORDERIE,621034.0,-17919.0,-180.0,95452.0,74612.0,158678.0,60.0,-0.028853492723425772,0.6015452677749908,0.12014157034880538,-0.0002898392036506858,1,14.0,88,57.0,0
538055781_31122020.pdf,538055781,2020-12-31,FEDERATION NATIONALE CAMI,1852680.0,117521.0,117756.0,289082.0,1566067.0,1990270.0,18.0,0.06343297277457521,0.1452476297185809,0.8452981626616577,0.06355981605026233,0,74.0,94,75.0,0
538055781_31122021.pdf,538055781,2021-12-31,FEDERATION NATIONALE CAMI SPORT ET CANCER,2458371.0,331338.0,334531.0,623614.0,2261903.0,3034884.0,22.0,0.13477949422605456,0.20548198876793974,0.9200820380650439,0.13607832178300183,1,74.0,94,75.0,0
538055781_31122022.pdf,538055781,2022-12-31,FEDERATION NATIONALE CAMI,3178489.0,232356.0,231783.0,855397.0,1979183.0,3340256.0,22.0,0.07310265978582905,0.2560872579826217,0.6226804623203037,0.07292238544792824,0,74.0,94,75.0,0
538055781_31122023.pdf,538055781,2023-12-31,FEDERATION NATIONALE CAMI SPORT ET CANCER,3232842.0,-205916.0,-192846.0,662551.0,1368324.0,2621633.0,18.0,-0.06369503984419901,0.252724542298636,0.42325730734752887,-0.05965215745155501,1,74.0,94,75.0,0
539866178_31122020.pdf,539866178,2020-12-31,Union Régionale des Professionnels de Santé des Chirurgiens-Dentistes D'île de France,1032505.0,539483.0,532084.0,6174225.0,958772.0,6495211.0,97.0,0.5224991646529556,0.9505811281573454,0.9285882392821342,0.515333097660544,1,1.5,94,75.0,0
539866178_31122021.pdf,539866178,2021-12-31,Union Régionale des Professionnels de Santé des Chirurgiens-Dentistes D'ile de FRANCE,1075984.0,386920.0,382816.0,6557041.0,1444590.0,6595595.0,90.0,0.35959642522565394,0.9941545834757896,1.3425757260331008,0.3557822421151244,0,1.5,94,75.0,0
539866178_31122023.pdf,539866178,2023-12-31,Union Régionale des Professionnels de Santé des Chirurgiens-Dentistes D'île de France,1147927.0,387969.0,390461.0,7369541.0,2480227.0,7426049.0,95.0,0.33797358194379956,0.9923905700056652,2.1606138717880143,0.34014445169422797,1,1.5,94,75.0,0
753758580_31122020.pdf,753758580,2020-12-31,ASSOCIATION DU CHANTIER STAINOIS D'INSERTION,523472.0,19315.0,24745.0,227766.0,226440.0,287977.0,73.0,0.03689786655255677,0.7909173302034538,0.4325732799462053,0.047270914203625024,1,34.0,88,55.0,0
753758580_31122021.pdf,753758580,2021-12-31,Association du Chantier Stainois d'Insertion,657874.0,45187.0,48322.0,323292.0,312453.0,388220.0,68.0,0.06868640499548546,0.8327546236669929,0.4749435302200725,0.07345175519932388,1,34.0,88,55.0,0
753758580_31122022.pdf,753758580,2022-12-31,ASSOCIATION DU CHANTIER STAINOIS D'INSERTION,768081.0,15652.0,27823.0,297935.0,279309.0,437739.0,72.0,0.020378059084914222,0.6806224713813482,0.3636452405410367,0.03622404407868441,1,34.0,88,55.0,0
753758580_31122023.pdf,753758580,2023-12-31,ASSOCIATION DU CHANTIER STAINOIS D'INSERTION,927441.0,24950.0,44864.0,342799.0,346609.0,496147.0,72.0,0.026901980826812704,0.6909222468341036,0.3737261992946182,0.04837396664585672,1,34.0,88,55.0,0
775007123_30062023.pdf,775007123,2023-06-30,FEDERATION DEPARTEMENTALE DES CHASSEURS DU CHER,3662098.0,-217313.0,-139344.0,3960133.0,1061865.0,6579054.0,11.0,-0.05934112085476686,0.6019304599111057,0.2899608366570201,-0.03805031978936664,1,14.0,94,18.0,0
775316409_31122023.pdf,775316409,2023-12-31,MFR VAL DE MANSE,2105823.0,93733.0,113500.0,894579.0,592406.0,2139101.0,35.0,0.044511338322356625,0.4182032545447831,0.28131804050008,0.05389816712990598,1,34.0,85,37.0,0
775463771_31122020.pdf,775463771,2020-12-31,MFR DE FEROLLES,1166340.0,105946.0,105953.0,894902.0,354818.0,1623771.0,62.0,0.09083629130442238,0.5511257437163245,0.304214894456162,0.09084229298489291,1,34.0,85,45.0,0
775463771_31122021.pdf,775463771,2021-12-31,MFR DE FEROLLES,1192369.0,33915.0,48340.0,1023322.0,367140.0,1623998.0,60.0,0.02844337616962534,0.6301251602526604,0.30790803853505083,0.04054114120712632,1,34.0,85,45.0,0
775463771_31122022.pdf,775463771,2022-12-31,MFR DE FEROLLES,1342052.0,88147.0,106369.0,1110702.0,395473.0,1731338.0,56.0,0.06568076348755487,0.6415281129392412,0.29467785152885284,0.0792584788070805,1,34.0,85,45.0,0
775463771_31122023.pdf,775463771,2023-12-31,MFR DE FEROLLES,1386636.0,4975.0,12487.0,1119475.0,399740.0,1913993.0,54.0,0.003587819730628658,0.5848898088968978,0.2882804138937688,0.009005247231429156,1,34.0,85,45.0,0
775618929_31122020.pdf,775618929,2020-12-31,"Association pour l'Accompagnement, le Mieux-être et le Logement des Isolés",44306947.0,511536.0,16552.0,5496915.0,22531031.0,40772347.0,52.0,0.011545277538531374,0.13481968550890633,0.5085214063609483,0.00037357572842922353,1,374.0,55,57.0,0
775618929_31122021.pdf,775618929,2021-12-31,Association AMLI,54678845.0,-511536.0,266566.0,5652218.0,34233733.0,51381067.0,59.0,-0.009355281736474133,0.11000585098787458,0.6260873469437769,0.004875121264906016,1,374.0,55,57.0,0
775618929_31122022.pdf,775618929,2022-12-31,Association AMLI,56353223.0,380561.0,380561.0,5842875.0,33359676.0,65309873.0,52.0,0.006753136373406717,0.08946388549859835,0.5919745885696724,0.006753136373406717,1,374.0,55,57.0,0
775618929_31122023.pdf,775618929,2023-12-31,Association AMLI,59896615.0,19823.0,217561.0,6062833.0,29371794.0,69366197.0,49.0,0.0003309535939551843,0.08740327799720662,0.4903748567427391,0.0036322753798357387,1,374.0,55,57.0,0
775647324_31082020.pdf,775647324,2020-08-31,Association Saint-Marc d'Education Chrétienne,8931251.0,1122383.0,97482.0,3364758.0,4470489.0,12854872.0,10.0,0.1256691811707005,0.261749630801458,0.5005445485744382,0.01091470836504315,0,374.0,85,69.0,0
775647324_31082021.pdf,775647324,2021-08-31,Association Saint-Marc d'Education Chrétienne,11125146.0,1629706.0,1877660.0,6163153.0,5373938.0,12965034.0,37.0,0.1464885045104127,0.47536728403488954,0.48304426746399554,0.16877621201555468,0,374.0,85,69.0,0
775647324_31082023.pdf,775647324,2023-08-31,ASSOCIATION SAINT MARC D'EDUCATION CHRETIENNE,12160368.0,880150.0,965831.0,8127587.0,5271194.0,14925908.0,36.0,0.07237856617497102,0.5445288152653761,0.4334732304153953,0.07942448781155308,0,374.0,85,69.0,0
775887557_30062019.pdf,775887557,2019-06-30,Fédération Départementale des Chasseurs du Gard,2622654.0,470061.0,526834.0,2786926.0,2506069.0,3498816.0,7.0,0.17923103848239227,0.7965340275110209,0.9555469383304088,0.20087819437867138,1,34.0,93,30.0,0
775887557_30062020.pdf,775887557,2020-06-30,FEDERATION DEPARTEMENTALE DES CHASSEURS DU GARD,2343209.0,224234.0,280498.0,3102049.0,99200.0,3728206.0,12.0,0.09569526235175778,0.8320487119005763,0.04233510540459686,0.11970677818325211,1,34.0,93,30.0,0
775887557_30062021.pdf,775887557,2021-06-30,FEDERATION DEPARTEMENTALE DES CHASSEURS DU GARD,2713964.0,154768.0,94648.0,3181697.0,2469400.0,3854056.0,11.0,0.05702654862039438,0.8255450880838265,0.9098867928977687,0.03487444932946789,1,34.0,93,30.0,0
775887557_30062022.pdf,775887557,2022-06-30,FEDERATION DEPARTEMENTALE DES CHASSEURS DU GARD,2703866.0,-49975.0,15551.0,3182249.0,2806475.0,4140120.0,10.0,-0.018482794635532974,0.7686368994135435,1.0379489959931447,0.005751394484785858,1,34.0,93,30.0,0
778642116_30062022.pdf,778642116,2022-06-30,Association F.D.C.Y.,4487682.0,-1514013.0,-1486546.0,1338537.0,866097.0,6818092.0,8.0,-0.3373708297513059,0.19632134620653402,0.19299428970234522,-0.3312502980380517,0,14.0,84,89.0,0
778642116_30062023.pdf,778642116,2023-06-30,Association F.D.C.Y.,6568386.0,1020467.0,1009812.0,2348349.0,1171023.0,6665604.0,4.0,0.1553603883815598,0.3523085079761714,0.17828169659943857,0.1537382242761007,0,14.0,84,89.0,0
778859793_31122020.pdf,778859793,2020-12-31,ASSOCIATION SOCIETE PROTECTRICE DES ANIMAUX,1062708.0,196461.0,203680.0,2782248.0,2999158.0,3144857.0,4.0,0.18486827990379295,0.8846977779911773,2.822184457066287,0.19166130301079884,0,34.0,94,67.0,0
778859793_31122021.pdf,778859793,2021-12-31,Association SOCIETE PROTECTRICE DES ANIMAUX DE STRASBOURG,1074462.0,-42710.0,-29160.0,3034088.0,1954978.0,3146791.0,9.0,-0.0397501261096251,0.9641847838003859,1.8194947797130099,-0.027139163600015635,1,34.0,94,67.0,0
778859793_31122022.pdf,778859793,2022-12-31,SOCIETE PROTECTRICE DES ANIMAUX DE STRASBOURG,1772459.0,476160.0,488601.0,3522688.0,3472520.0,3626894.0,3.0,0.2686437316744703,0.9712685289396381,1.9591539211908429,0.27566279389255266,1,34.0,94,67.0,0
779404987_31122020.pdf,779404987,2020-12-31,Fondation Foyer de Charité,7846841.0,-1931189.0,-1731785.0,28763130.0,14296234.0,36335041.0,0.0,-0.2461103774117508,0.7916085742135257,1.8219094792413915,-0.2206983676615851,1,34.0,88,26.0,0
779404987_31122021.pdf,779404987,2021-12-31,Fondation Foyer de Charité,7213084.0,-1239789.0,-397797.0,28365333.0,15236777.0,38174167.0,0.0,-0.17188057147261837,0.7430504770411887,2.1123803632399123,-0.05514936468229124,1,34.0,88,26.0,0
779404987_31122022.pdf,779404987,2022-12-31,Fondation Foyer de Charité,6196364.0,-1901332.0,-1938562.0,26426771.0,13618331.0,35628481.0,0.0,-0.30684640218037545,0.741731621957164,2.1977938997773534,-0.3128547645038284,1,34.0,88,26.0,0
779404987_31122023.pdf,779404987,2023-12-31,Fondation Foyer de Charité,7300517.0,-1089855.0,-324657.0,26102114.0,12328121.0,33959725.0,0.0,-0.14928463285545393,0.7686197105541932,1.6886641041997437,-0.04447041216396044,0,34.0,88,26.0,0
779918036_31082020.pdf,779918036,2020-08-31,MJC JEAN MACE,1155418.0,116233.0,68529.0,246091.0,527986.0,671585.0,59.0,0.1005982250579444,0.3664331395132411,0.4569653579916532,0.0593110025981939,1,74.0,94,69.0,0
779918036_31082021.pdf,779918036,2021-08-31,ASSOCIATION MJC JEAN MACE,1125792.0,436.0,49118.0,295208.0,393953.0,634717.0,68.0,0.00038728290838805035,0.4651017697651079,0.3499340908444899,0.043629729115147384,1,74.0,94,69.0,0
779918036_31082022.pdf,779918036,2022-08-31,ASSOCIATION MJC JEAN MACE,1248230.0,-79684.0,1826.0,297034.0,417416.0,693090.0,58.0,-0.06383759403315094,0.42856483284999064,0.33440631934819703,0.0014628714259391298,1,74.0,94,69.0,0
779918036_31082023.pdf,779918036,2023-08-31,ASSOCIATION MJC JEAN MACE,1198424.0,-31932.0,44614.0,252420.0,338309.0,667638.0,59.0,-0.026644993758469456,0.3780791386949215,0.2822949139870363,0.037227225088950155,1,74.0,94,69.0,0
780348074_31122021.pdf,780348074,2021-12-31,Association Diocésaine de Troyes,3613906.0,228478.0,212952.0,5488708.0,2538088.0,9561667.0,1.0,0.06322189896472127,0.5740325405601345,0.7023115709152369,0.05892571638553964,1,34.0,94,10.0,0
780348074_31122022.pdf,780348074,2022-12-31,ASSOC DIOCESE DE TROYES -CURIE-,3858162.0,101247.0,844336.0,3006593.0,6826640.0,10448933.0,0.0,0.026242288426457986,0.2877416287385516,1.7694021142709921,0.21884410245085614,0,34.0,94,10.0,0
780348074_31122023.pdf,780348074,2023-12-31,ASSOC DIOCESE DE TROYES,3584495.0,-96640.0,5575.0,6666488.0,7917401.0,11294668.0,0.0,-0.0269605620875465,0.5902331967615161,2.2087911965283813,0.0015553097437714378,1,34.0,94,10.0,0
782282966_31122020.pdf,782282966,2020-12-31,OFFICE DE TOURISME DE CAMBO-LES-BAINS,313966.0,-1661.0,113.0,86620.0,107153.0,145980.0,71.0,-0.00529038176108241,0.5933689546513221,0.3412885471675277,0.0003599115827828491,1,7.5,79,64.0,0
782282966_31122021.pdf,782282966,2021-12-31,OFFICE DE TOURISME DE CAMBO-LES-BAINS,367844.0,30736.0,38045.0,71120.0,146902.0,186435.0,65.0,0.08355716010047738,0.3814734357819079,0.3993595110970955,0.10342699622666131,1,7.5,79,64.0,0
782282966_31122022.pdf,782282966,2022-12-31,OFFICE DE TOURISME DE CAMBO-LES-BAINS,381697.0,3282.0,-310.0,70810.0,143636.0,189318.0,53.0,0.008598443267827622,0.37402676977360844,0.3763089571047192,-0.0008121625268210124,1,7.5,79,64.0,0
782282966_31122023.pdf,782282966,2023-12-31,OFFICE DE TOURISME DE CAMBO-LES-BAINS,363159.0,-27580.0,-24299.0,46511.0,100934.0,155953.0,56.0,-0.07594469640019937,0.29823728943976713,0.2779333570144207,-0.06691008621567963,1,7.5,79,64.0,0
783201999_31122020.pdf,783201999,2020-12-31,ASSOCIATION DIOCESAINE D'AVIGNON,6064221.0,-804602.0,289295.0,19704003.0,3610802.0,25742622.0,27.0,-0.1326801909099289,0.765423312357226,0.5954271785279593,0.0477052205056511,1,14.0,94,84.0,0
783201999_31122021.pdf,783201999,2021-12-31,ASSOCIATION DIOCESAINE D'AVIGNON,6064221.0,-804602.0,-289295.0,19704003.0,3610802.0,25742622.0,27.0,-0.1326801909099289,0.765423312357226,0.5954271785279593,-0.0477052205056511,1,14.0,94,84.0,0
783201999_31122022.pdf,783201999,2022-12-31,ASSOCIATION DIOCESAINE D'AVIGNON,6355173.0,82127.0,99403.0,19596997.0,7351170.0,25434451.0,0.0,0.012922858276242047,0.770490269280827,1.1567222481590982,0.01564127365218854,1,14.0,94,84.0,0
783201999_31122023.pdf,783201999,2023-12-31,ASSOCIATION DIOCESAINE D'AVIGNON,5784288.0,244830.0,342185.0,19255476.0,7283000.0,24723007.0,9.0,0.04232673061922228,0.7788484628912656,1.2591005150504262,0.059157669880891134,1,14.0,94,84.0,0
784337131_31122020.pdf,784337131,2020-12-31,SOLIHA Paris Hauts de Seine Val d'Oise,10049920.0,283733.0,284471.0,5295477.0,7258102.0,14132106.0,46.0,0.028232364038718715,0.37471251630860963,0.7222049528752468,0.02830579745908425,1,149.0,88,75.0,0
784337131_31122021.pdf,784337131,2021-12-31,SOLIHA Grand Paris,11362793.0,592185.0,554761.0,5842911.0,7071455.0,16325245.0,49.0,0.052116147852028984,0.3579064816485143,0.6223342271570027,0.04882259141744464,1,149.0,88,75.0,0
784337131_31122022.pdf,784337131,2022-12-31,SOLIHA Grand Paris,12067315.0,592072.0,456773.0,6292356.0,3610624.0,16208453.0,49.0,0.049064104152415015,0.38821447056051556,0.29920690725318766,0.03785208225690636,1,149.0,88,75.0,0
784337131_31122023.pdf,784337131,2023-12-31,SOLIHA Grand Paris,13460316.0,770271.0,609288.0,6894315.0,2820919.0,16511406.0,51.0,0.0572253281423705,0.417548632745146,0.209573014481978,0.04526550491088025,1,149.0,88,75.0,0
786127613_31122021.pdf,786127613,2021-12-31,MFREO Institut Rural des Mauges,2052397.0,145753.0,181131.0,1349306.0,1090179.0,2166889.0,35.0,0.07101598764761398,0.6226927175319087,0.5311735497566992,0.08825339347114618,1,34.0,85,49.0,0
786127613_31122022.pdf,786127613,2022-12-31,MFREO Institut Rural des Mauges,2076836.0,-41527.0,1413.0,1322409.0,832638.0,2115831.0,35.0,-0.01999531980377844,0.6250069121777685,0.40091658657688906,0.0006803618581342003,1,34.0,85,49.0,0
786127613_31122023.pdf,786127613,2023-12-31,MFREO Institut Rural des Mauges,2299197.0,-85747.0,-51371.0,1028723.0,645792.0,2354369.0,32.0,-0.03729432493170442,0.4369421275934231,0.280877193211369,-0.02234301801889964,1,34.0,85,49.0,0
788352888_31122020.pdf,788352888,2020-12-31,Centre Socio Culturel du Château - Maison des Jeunes et de la Culture,580225.0,39455.0,39265.0,136753.0,233304.0,472460.0,97.0,0.06799948295919686,0.28944884223003003,0.4020922917833599,0.06767202378387695,1,7.5,94,44.0,0
788352888_31122021.pdf,788352888,2021-12-31,Centre Socioculturel du Château,677211.0,1738.0,478.0,137231.0,194875.0,530480.0,95.0,0.0025664084015174,0.2586921278841804,0.2877611261482758,0.0007058361426497797,1,7.5,94,44.0,0
788352888_31122022.pdf,788352888,2022-12-31,Association Ctre Socioculturel du Château,794863.0,3579.0,10159.0,147390.0,492637.0,581364.0,92.0,0.0045026627230101285,0.2535244700394245,0.6197759865536576,0.012780818832930958,0,7.5,94,44.0,0
788352888_31122023.pdf,788352888,2023-12-31,Association Centre Socioculturel du Château,784469.0,20352.0,26205.0,173595.0,230935.0,603511.0,95.0,0.02594366380315857,0.2876418159735282,0.29438384435841314,0.03340476169230397,0,7.5,94,44.0,0
791653736_31122020.pdf,791653736,2020-12-31,Fonds de dotation APEI OUEST 44,5600.0,4900.0,-953.0,24383.0,28982.0,30682.0,0.0,0.875,0.794700475849032,5.175357142857143,-0.17017857142857143,1,,94,44.0,0
791653736_31122021.pdf,791653736,2021-12-31,Fonds de dotation APEI OUEST 44,2460.0,,1489.0,25871.0,25871.0,26571.0,0.0,,0.9736554890670279,10.516666666666667,0.6052845528455284,1,,94,44.0,0
791653736_31122022.pdf,791653736,2022-12-31,Fonds de dotation APEI OUEST 44,2014.0,0.0,0.0,41694.0,42534.0,42534.0,0.0,0.0,0.9802510932430526,21.11916583912612,0.0,1,,94,44.0,0
791653736_31122023.pdf,791653736,2023-12-31,HANDISOLIDAIRE Fonds de dotation,1298.0,0.0,0.0,51690.0,48054.0,51690.0,0.0,0.0,1.0,37.02157164869029,0.0,1,,94,44.0,0
795067164_31122020.pdf,795067164,2020-12-31,Association FOODWATCH FRANCE,771413.0,-5840.0,-5334.0,-592537.0,266721.0,297968.0,0.0,-0.007570523182782764,-1.988592734790313,0.3457564236018838,-0.006914584016603298,0,14.0,94,75.0,0
795067164_31122021.pdf,795067164,2021-12-31,Foodwatch France,1654852.0,-37936.0,722228.0,129691.0,191379.0,236851.0,0.0,-0.0229241043912084,0.5475636581648378,0.11564719987044159,0.4364305690176523,1,14.0,94,75.0,0
795067164_31122022.pdf,795067164,2022-12-31,foodwatch France,1052499.0,51442.0,52450.0,182141.0,288898.0,335810.0,0.0,0.04887605593924555,0.5423930198624222,0.2744876717222534,0.04983377656415826,1,14.0,94,75.0,0
795067164_31122023.pdf,795067164,2023-12-31,foodwatch France,1261762.0,67262.0,69818.0,251959.0,361854.0,465533.0,0.0,0.05330799310805049,0.5412269377251452,0.28678467096013355,0.05533373171802606,1,14.0,94,75.0,0
800573487_31122020.pdf,800573487,2020-12-31,Fonds ATHENAS,75925.0,,74736.0,151722.0,151585.0,151722.0,0.0,,1.0,1.9965097135330918,0.9843398090220612,0,,94,39.0,0
800573487_31122021.pdf,800573487,2021-12-31,ASSO. FONDS ATHENAS,83336.0,57126.0,57368.0,209089.0,196696.0,211665.0,0.0,0.6854900643179418,0.9878298254316963,2.360276471152923,0.6883939713929155,0,,94,39.0,0
800573487_31122022.pdf,800573487,2022-12-31,ASSO. FONDS ATHENAS,124770.0,90988.0,91558.0,300647.0,298740.0,313846.0,0.0,0.7292458122946222,0.9579443421295795,2.3943255590286125,0.733814218161417,0,,94,39.0,0
800573487_31122023.pdf,800573487,2023-12-31,ASSO. FONDS ATHENAS,74827.0,65316.0,66964.0,362642.0,347984.0,363422.0,0.0,0.8728934742806741,0.9978537347766508,4.650513851951835,0.8949176099536263,0,,94,39.0,0
802327163_31122020.pdf,802327163,2020-12-31,INSULA,7076.0,2648.0,274.0,170212.0,30422.0,175354.0,0.0,0.37422272470322215,0.9706764601891031,4.299321650650085,0.03872244205765969,0,,94,56.0,0
802327163_31122021.pdf,802327163,2021-12-31,INSULA,8244.0,3340.0,670.0,170882.0,28692.0,176024.0,33.0,0.4051431344007763,0.9707880743534972,3.480349344978166,0.08127122755943716,0,,94,56.0,0
802327163_31122022.pdf,802327163,2022-12-31,INSULA,2935.0,-1168.0,-891.0,169991.0,35201.0,175133.0,0.0,-0.3979557069846678,0.9706394568699217,11.993526405451448,-0.30357751277683137,0,,94,56.0,0
802327163_31122023.pdf,802327163,2023-12-31,INSULA,8476.0,2467.0,5462.0,175454.0,33784.0,178196.0,0.0,0.29105710240679566,0.9846124492132259,3.9858423784804153,0.644407739499764,0,,94,56.0,0
808517411_31122020.pdf,808517411,2020-12-31,ASSOCIATION D'AIDE A DOMICILE DES CAPS ET MARAIS D'OPALE,1357657.0,,93419.0,846443.0,,1357657.0,,,0.6234586497178595,,0.06880898489088186,1,149.0,88,62.0,0
808517411_31122021.pdf,808517411,2021-12-31,ASSOCIATION D'AIDE A DOMICILE DES CAPS ET MARAIS D'OPALE,1456592.0,,-581.0,858096.0,,1456592.0,,,0.5891121192482177,,-0.00039887628107253097,1,149.0,88,62.0,0
808517411_31122022.pdf,808517411,2022-12-31,Association d'Aide à Domicile des Caps et Marais d'Opale,,,-83683.0,771453.0,,1842107.0,,,0.41878837657095924,,,1,149.0,88,62.0,0
808517411_31122023.pdf,808517411,2023-12-31,Association d'Aide à Domicile des Caps et Marais d'Opale,,,53499.0,821993.0,,1916259.0,,,0.4289571503643297,,,1,149.0,88,62.0,0
817660137_31122021.pdf,817660137,2021-12-31,ASS LE FAIRS,1000.0,-825.0,-825.0,-175.0,323.0,3533.0,0.0,-0.825,-0.04953297480894424,0.323,-0.825,0,,94,64.0,0
817660137_31122022.pdf,817660137,2022-12-31,ASS LE FAIRS,1970.0,775.0,775.0,600.0,121.0,3331.0,0.0,0.3934010152284264,0.18012608826178325,0.06142131979695432,0.3934010152284264,0,,94,64.0,0
825300759_31122020.pdf,825300759,2020-12-31,FONDS DE DOTATION DES RENDEZ-VOUS DE L'HISTOIRE,2361.0,12.0,581.0,522477.0,524230.0,524230.0,0.0,0.005082592121982211,0.9966560479178986,222.03727234222788,0.2460821685726387,1,,94,41.0,0
825300759_31122021.pdf,825300759,2021-12-31,FONDS DE DOTATION DES RENDEZ-VOUS DE L'HISTOIRE,182541.0,40.0,677.0,5802.0,634267.0,634267.0,0.0,0.00021912885324392876,0.00914756719173471,3.474655009011674,0.0037087558411534943,1,,94,41.0,0
825300759_31122022.pdf,825300759,2022-12-31,FONDS DE DOTATION DES RENDEZ-VOUS DE L'HISTOIRE,223485.0,79.0,1540.0,615168.0,657077.0,657077.0,0.0,0.0003534912857686198,0.9362190428214654,2.9401391592276886,0.006890842785869298,1,,94,41.0,0
825300759_31122023.pdf,825300759,2023-12-31,FONDS DE DOTATION DES RENDEZ-VOUS DE L'HISTOIRE,246792.0,1313.0,7937.0,615490.0,669353.0,669353.0,0.0,0.005320269700800674,0.9195297548528205,2.7122151447372684,0.03216068592174787,1,,94,41.0,0
830508826_31122020.pdf,830508826,2020-12-31,VISION BY ERAGE,65250.0,62652.0,0.0,276621.0,278610.0,357030.0,0.0,0.960183908045977,0.7747836316275943,4.269885057471265,0.0,0,,88,67.0,0
830508826_31122021.pdf,830508826,2021-12-31,VISION BY ERAGE,38750.0,19017.0,0.0,256888.0,261539.0,261539.0,0.0,0.49076129032258065,0.9822168013183502,6.749393548387097,0.0,0,,88,67.0,0
830508826_31122022.pdf,830508826,2022-12-31,VISION BY ERAGE,10550.0,4235.0,0.0,250573.0,253543.0,253543.0,0.0,0.4014218009478673,0.9882860106569694,24.032511848341233,0.0,0,,88,67.0,0
830508826_31122023.pdf,830508826,2023-12-31,VISION BY ERAGE,247520.0,13182.0,13182.0,247520.0,247520.0,247520.0,0.0,0.0532563025210084,1.0,1.0,0.0532563025210084,1,,88,67.0,0
831165238_31122020.pdf,831165238,2020-12-31,FONDS L'ENVOL,7131.0,502.0,0.0,18096.0,193079.0,200994.0,0.0,0.07039685878558406,0.09003253828472492,27.076006170242604,0.0,1,,94,59.0,0
831165238_31122021.pdf,831165238,2021-12-31,FONDS L'ENVOL,5513.0,-315.0,-315.0,184145.0,185149.0,193115.0,0.0,-0.05713767458733902,0.9535509929316729,33.5840740068928,-0.05713767458733902,1,,94,59.0,0
831165238_31122022.pdf,831165238,2022-12-31,FONDS L'ENVOL,32130.0,175.0,0.0,152190.0,153396.0,161362.0,99.0,0.0054466230936819175,0.943158860202526,4.774229691876751,0.0,1,,94,59.0,0
831165238_31122023.pdf,831165238,2023-12-31,FONDS DE DOTATION L'ENVOL,9160.0,-148.0,0.0,143177.0,146427.0,154093.0,0.0,-0.016157205240174673,0.9291596633202027,15.985480349344979,0.0,1,,94,59.0,0
844983213_31012024.pdf,844983213,2024-01-31,,421.0,,0.0,,,,,,,,0.0,0,,94,49.0,0
877904870_31122020.pdf,877904870,2020-12-31,Fonds de dotation CLEM,3732.0,-810.0,-810.0,125458.0,126058.0,126058.0,0.0,-0.2170418006430868,0.9952402862174554,33.77759914255091,-0.2170418006430868,1,,88,69.0,0
877904870_31122021.pdf,877904870,2021-12-31,Fonds de dotation CLEM,126058.0,-4542.0,-810.0,102854.0,103454.0,126158.0,0.0,-0.03603103333386219,0.8152792530002061,0.8206857160989386,-0.006425613606435133,1,,88,69.0,0
877904870_31122022.pdf,877904870,2022-12-31,Fonds de dotation CLEM,30971.0,0.0,0.0,111972.0,112572.0,112572.0,0.0,0.0,0.9946700778168639,3.6347550934745407,0.0,1,,88,69.0,0
880394549_31122020.pdf,880394549,2020-12-31,Fonds de Dotation Joseph et Gabrielle Baglione,30000.0,-39829.0,-39829.0,10171.0,10171.0,10171.0,0.0,-1.3276333333333334,1.0,0.33903333333333335,-1.3276333333333334,1,,94,35.0,0
880394549_31122021.pdf,880394549,2021-12-31,Fonds de dotation Joseph & Gabrielle Baglione,90000.0,12886.0,12886.0,23057.0,23057.0,23057.0,0.0,0.14317777777777776,1.0,0.2561888888888889,0.14317777777777776,1,,94,35.0,0
880394549_31122022.pdf,880394549,2022-12-31,Fonds de dotation Joseph & Gabrielle Baglione,94814.0,0.0,0.0,6945.0,6945.0,6945.0,0.0,0.0,1.0,0.07324867635581243,0.0,0,,94,35.0,0
880394549_31122023.pdf,880394549,2023-12-31,FONDS DE DOTATION JOSEPH ET GABRIELLE BAGLIONE,55432.0,0.0,0.0,1513.0,1513.0,1513.0,0.0,0.0,1.0,0.027294703420406984,0.0,1,,94,35.0,0
884030859_31122020.pdf,884030859,2020-12-31,Fonds de dotation pour le patrimoine du sport motocyclisme,337.0,0.0,0.0,0.0,22065.0,33945.0,0.0,0.0,0.0,65.47477744807122,0.0,0,,94,75.0,0
884030859_31122021.pdf,884030859,2021-12-31,Fonds de dotation pour le patrimoine du sport motocyclisme,30800.0,27868.0,27868.0,40813.0,37309.0,46813.0,0.0,0.9048051948051948,0.8718304744408605,1.2113311688311688,0.9048051948051948,0,,94,75.0,0
884030859_31122022.pdf,884030859,2022-12-31,Fonds de dotation pour le patrimoine du sport motocyclisme,15000.0,8304.0,8304.0,49117.0,48013.0,55141.0,0.0,0.5536,0.8907527973740048,3.2008666666666667,0.5536,0,,94,75.0,0
889963450_31122022.pdf,889963450,2022-12-31,ECOLO'J,0.0,-60.0,-60.0,-56.0,1414.0,1444.0,0.0,,-0.038781163434903045,,,1,,94,75.0,0
891913527_31122020.pdf,891913527,2020-12-31,,81740.0,81725.0,81725.0,,,,0.0,0.9998164913139221,,,0.9998164913139221,0,,94,13.0,0
891913527_31122021.pdf,891913527,2021-12-31,,214346.0,1340.0,1340.0,,,,24.0,0.006251574557024624,,,0.006251574557024624,0,,94,13.0,0
891913527_31122022.pdf,891913527,2022-12-31,,10127.0,-21378.0,-21378.0,,,,0.0,-2.110990421645107,,,-2.110990421645107,0,,94,13.0,0
899088686_31122023.pdf,899088686,2023-12-31,SACREE MUSIQUE,546255.0,-38863.0,-38863.0,-24413.0,190744.0,408459.0,34.0,-0.07114442888394615,-0.05976854470093693,0.34918490448600015,-0.07114442888394615,0,,90,83.0,0
900379280_31122021.pdf,900379280,2021-12-31,ACGN64,6020.0,2503.0,2503.0,,,,0.0,0.41578073089700995,,,0.41578073089700995,0,,94,64.0,0
900379280_31122022.pdf,900379280,2022-12-31,ACGN64,12760.0,,928.0,,,,71.0,,,,0.07272727272727272,0,,94,64.0,0
900379280_31122023.pdf,900379280,2023-12-31,ACGN64,13811.0,5042.0,5042.0,,,,67.0,0.3650713199623489,,,0.3650713199623489,0,,94,64.0,0
901629881_31122022.pdf,901629881,2022-12-31,ADVENS FOR PEOPLE AND PLANET,407798.0,0.0,0.0,106182.0,200228.0,404632.0,100.0,0.0,0.2624162201704265,0.4909979941049245,0.0,1,,94,75.0,0
901629881_31122023.pdf,901629881,2023-12-31,ADVENS FOR PEOPLE AND PLANET,1849705.0,0.0,0.0,570060.0,448379.0,1076488.0,0.0,0.0,0.5295553689404805,0.2424056809058742,0.0,1,,94,75.0,0
903304921_31122022.pdf,903304921,2022-12-31,LS GOALKEEPER COACHING,11370.0,,-912.0,-912.0,3231.0,4218.0,0.0,,-0.21621621621621623,0.2841688654353562,-0.08021108179419525,0,,93,92.0,0
903304921_31122023.pdf,903304921,2023-12-31,LS GOALKEEPER COACHING (LSGC),27377.0,1063.0,1063.0,151.0,2184.0,6430.0,5.0,0.03882821346385652,0.02348367029548989,0.07977499360777295,0.03882821346385652,0,,93,92.0,0
919517235_31122023.pdf,919517235,2023-12-31,FONDS DE DOTATION CHILDREN'S CANCER CENTER LEAGUE,414503.0,142731.0,143637.0,158637.0,160028.0,168329.0,0.0,0.3443425017430513,0.9424222801775095,0.38607199465383846,0.34652825190650005,1,,94,75.0,0
920983277_31122022.pdf,920983277,2022-12-31,GRAND TOTAL,0.0,-665.0,-665.0,815.0,0.0,815.0,0.0,,1.0,,,0,,59,83.0,0
920983277_31122023.pdf,920983277,2023-12-31,Association non identifiée,2143.0,-1408.0,-1408.0,-3174.0,0.0,0.0,0.0,-0.6570228651423239,,0.0,-0.6570228651423239,0,,59,83.0,0
921742383_31122022.pdf,921742383,2022-12-31,FONDS DE DOTATION SCALA IMPACT,23776.0,0.0,0.0,224.0,224.0,224.0,100.0,0.0,1.0,0.009421265141318977,0.0,0,,94,75.0,0
921742383_31122023.pdf,921742383,2023-12-31,FONDS DE DOTATION SCALA IMPACT,5754.0,0.0,0.0,470.0,470.0,470.0,100.0,0.0,1.0,0.08168230795968022,0.0,0,,94,75.0,0
924076474_31122021.pdf,924076474,2021-12-31,FONDS DE DOTATION TVK,40000.0,-7524.0,-7524.0,7476.0,22637.0,22637.0,0.0,-0.1881,0.3302557759420418,0.565925,-0.1881,1,,94,75.0,0
924076474_31122022.pdf,924076474,2022-12-31,FONDS DE DOTATION TVK,20000.0,3613.0,3613.0,11089.0,8533.0,16489.0,0.0,0.18065,0.672508945357511,0.42665,0.18065,1,,94,75.0,0
924076474_31122023.pdf,924076474,2023-12-31,FONDS DE DOTATION TVK,20000.0,-4385.0,-4385.0,6704.0,7796.0,12233.0,0.0,-0.21925,0.5480258317665332,0.3898,-0.21925,1,,94,75.0,0
951417385_09052023.pdf,951417385,2023-05-09,,,,,,,,,,,,,0,,69,,0
951585694_02012023.pdf,951585694,2023-01-02,,,,,,,,,,,,,0,,69,,0
951585694_03122023.pdf,951585694,2023-12-03,,,,,,,,,,,,,0,,69,,0
951818939_21122023.pdf,951818939,2023-12-21,,,,,,,,,,,,,0,,69,,0
951818939_24112023.pdf,951818939,2023-11-24,,,,,,,,,,,,,0,,69,,0
952092773_09122023.pdf,952092773,2023-12-09,,,,,,,,,,,,,0,,86,,0
953513041_02012023.pdf,953513041,2023-01-02,,,,,,,,,,,,,0,,69,,0
977975911_21122023.pdf,977975911,2023-12-21,,,,,,,,,,,,,0,,69,,0
978211878_23112023.pdf,978211878,2023-11-23,,,,,,,,,,,,,0,,69,,0
978478311_28122023.pdf,978478311,2023-12-28,,,,,,,,,,,,,0,,69,,0
982701831_21122023.pdf,982701831,2023-12-21,,,,,,,,,,,,,0,,69,,0
999999706_31082023.pdf,999999706,2023-08-31,ECOLE DE PRODUCTION GRAND PARIS NORD - ASSOCIATION,551726.0,-1163.0,-7757.0,534277.0,89474.0,1011081.0,76.0,-0.002107930385734948,0.528421560686038,0.16217107767261285,-0.014059515049136708,1,,na,,0
999999745_31122023.pdf,999999745,2023-12-31,SYNDICAT CGT NEUFCHATEAU,635.0,,222.0,,,,,,,,0.34960629921259845,0,,na,,0
999999838_31122022.pdf,999999838,2022-12-31,Orchestre de Chambre de Paris,7038457.0,128052.0,107675.0,813375.0,2836754.0,3172236.0,79.0,0.018193192058998157,0.2564043154418524,0.40303634731305454,0.01529809729604088,1,,na,,0
